module,path,field,english,hindi,santali_new,translator_note
fire-explosion,fire-explosion.title,title,Fire & Explosion Response,आग और विस्फोट प्रतिक्रिया,,
fire-explosion,fire-explosion.intro,intro,A spark from a grinding operation near a fuel storage area has ignited a small fire on the steel plant floor. You are the nearest worker.,स्टील प्लांट के फर्श पर ग्राइंडिंग कार्य से निकली चिंगारी से ईंधन भंडारण क्षेत्र के पास एक छोटी सी आग लग गई है। आप निकटतम श्रमिक हैं।,,
fire-explosion,fire-explosion.steps[0].prompt,prompt,You spot the fire. What is your first action?,आपको आग दिखती है। आपकी पहली प्रतिक्रिया क्या है?,,
fire-explosion,fire-explosion.steps[0].choices[0].text,option,Try to put it out yourself with whatever is nearby,जो भी पास में हो उससे इसे खुद बुझाने की कोशिश करें,,
fire-explosion,fire-explosion.steps[0].choices[0].feedback,feedback,Acting without identifying the fire type or your nearest exit first risks trapping you. Always confirm your evacuation route before engaging any fire.,आग के प्रकार या अपने निकटतम निकास की पहचान किए बिना कार्य करना आपको फंसा सकता है। किसी भी आग से निपटने से पहले हमेशा अपना निकासी मार्ग सुनिश्चित करें।,,
fire-explosion,fire-explosion.steps[0].choices[1].text,option,"Identify your nearest marked exit, then raise the alarm","अपना निकटतम चिह्नित निकास पहचानें, फिर अलार्म बजाएं",,
fire-explosion,fire-explosion.steps[0].choices[1].feedback,feedback,Correct. Exit identification comes first — you can only fight a fire safely if your escape route is confirmed and clear.,सही। निकास पहचान सबसे पहले आती है — आप आग से तभी सुरक्षित रूप से लड़ सकते हैं जब आपका बचाव मार्ग सुनिश्चित और साफ हो।,,
fire-explosion,fire-explosion.steps[1].prompt,prompt,"The fire is small, contained to a waste bin, and you are trained on extinguisher use. Which extinguisher do you grab?","आग छोटी है, एक कचरे के डिब्बे तक सीमित है, और आप अग्निशामक यंत्र के उपयोग में प्रशिक्षित हैं। आप कौन सा अग्निशामक यंत्र उठाते हैं?",,
fire-explosion,fire-explosion.steps[1].choices[0].text,option,Any extinguisher within reach,पहुंच में जो भी अग्निशामक यंत्र हो,,
fire-explosion,fire-explosion.steps[1].choices[0].feedback,feedback,"Using the wrong extinguisher class on a fuel or electrical fire can make it worse — water on an oil fire, for example, spreads flame violently.",ईंधन या इलेक्ट्रिकल आग पर गलत श्रेणी का अग्निशामक यंत्र इस्तेमाल करने से यह और खराब हो सकती है — जैसे तेल की आग पर पानी डालने से आग हिंसक रूप से फैलती है।,,
fire-explosion,fire-explosion.steps[1].choices[1].text,option,Check the label for the correct class (e.g. CO2/foam for flammable liquid) before using it,उपयोग से पहले सही श्रेणी के लिए लेबल जांचें (जैसे ज्वलनशील तरल के लिए CO2/फोम),,
fire-explosion,fire-explosion.steps[1].choices[1].feedback,feedback,Correct. Confirming the extinguisher class takes two seconds and prevents turning a small fire into a major one.,सही। अग्निशामक यंत्र की श्रेणी की पुष्टि करने में दो सेकंड लगते हैं और यह छोटी आग को बड़ी आग में बदलने से रोकता है।,,
fire-explosion,fire-explosion.steps[2].prompt,prompt,The fire suddenly grows and black smoke fills the area. What now?,आग अचानक बढ़ जाती है और काला धुआं क्षेत्र को भर देता है। अब क्या?,,
fire-explosion,fire-explosion.steps[2].choices[0].text,option,Keep trying to extinguish it since you already started,इसे बुझाने की कोशिश जारी रखें क्योंकि आपने पहले ही शुरू कर दिया है,,
fire-explosion,fire-explosion.steps[2].choices[0].feedback,feedback,"Once a fire exceeds what a handheld extinguisher can control, continuing to fight it risks your life. Evacuation always overrides firefighting at this point.","एक बार जब आग हाथ में अग्निशामक यंत्र की क्षमता से अधिक हो जाए, तो उससे लड़ना जारी रखना आपकी जान जोखिम में डालता है। इस बिंदु पर निकासी हमेशा अग्निशमन पर हावी होती है।",,
fire-explosion,fire-explosion.steps[2].choices[1].text,option,"Abandon extinguishing, follow the evacuation sequence, and account for your team at the muster point","बुझाना छोड़ दें, निकासी क्रम का पालन करें, और मस्टर पॉइंट पर अपनी टीम का हिसाब रखें",,
fire-explosion,fire-explosion.steps[2].choices[1].feedback,feedback,"Correct. Evacuation sequencing — stop, exit via the nearest safe route, report to muster point — is the standard protocol once a fire escalates.","सही। निकासी क्रम — रुकें, निकटतम सुरक्षित मार्ग से बाहर निकलें, मस्टर पॉइंट पर रिपोर्ट करें — आग बढ़ने पर मानक प्रोटोकॉल है।",,
fire-explosion,fire-explosion.steps[3].prompt,prompt,You are evacuating. You pass a fire door held open with a wooden wedge.,आप निकल रहे हैं। रास्ते में एक फायर डोर लकड़ी के टुकड़े से खुला अटका हुआ है।,,
fire-explosion,fire-explosion.steps[3].choices[0].text,option,Leave it — you are in the middle of an evacuation,छोड़ दें — आप निकासी के बीच में हैं,,
fire-explosion,fire-explosion.steps[3].choices[0].feedback,feedback,A wedged fire door is a hole in the compartment that is supposed to hold the fire back. It takes one kick to clear and it protects everyone still behind you.,अटका हुआ फायर डोर उस दीवार में छेद है जो आग को रोकने के लिए बनी है। इसे हटाने में एक लात लगती है और यह आपके पीछे बचे हर व्यक्ति की रक्षा करता है।,,
fire-explosion,fire-explosion.steps[3].choices[1].text,option,Kick the wedge clear so the door can swing shut behind you,टुकड़े को लात मारकर हटाएं ताकि दरवाज़ा आपके पीछे बंद हो सके,,
fire-explosion,fire-explosion.steps[3].choices[1].feedback,feedback,Correct. Fire doors buy the time the evacuation depends on. Clearing a wedge costs a second and restores the compartment.,सही। फायर डोर वह समय देते हैं जिस पर निकासी टिकी है। टुकड़ा हटाने में एक सेकंड लगता है और कम्पार्टमेंट बहाल हो जाता है।,,
fire-explosion,fire-explosion.steps[3].choices[2].text,option,Stop and find maintenance to report the wedge,रुककर मेंटेनेंस को खोजें और टुकड़े की रिपोर्ट करें,,
fire-explosion,fire-explosion.steps[3].choices[2].feedback,feedback,"The reporting is right, the timing is wrong. Standing still in a smoke path to find someone is how people are overcome. Clear it, keep moving, report it at the muster point.","रिपोर्ट करना सही है, समय गलत है। धुएं के रास्ते में किसी को खोजने के लिए खड़े रहना ऐसे ही लोग बेहोश होते हैं। हटाएं, चलते रहें, मस्टर पॉइंट पर रिपोर्ट करें।",,
fire-explosion,fire-explosion.steps[4].prompt,prompt,At the assembly point the supervisor counts heads. One worker from your section is not there.,असेंबली पॉइंट पर सुपरवाइज़र गिनती कर रहा है। आपके सेक्शन का एक श्रमिक वहां नहीं है।,,
fire-explosion,fire-explosion.steps[4].choices[0].text,option,Go back in to look for them — you know where they usually work,उन्हें खोजने अंदर वापस जाएं — आप जानते हैं वे कहां काम करते हैं,,
fire-explosion,fire-explosion.steps[4].choices[0].feedback,feedback,"This is the decision that turns one casualty into two. Unplanned re-entry by an untrained person is a leading cause of secondary fatalities. You are the person who knows where they were, and that information is worth far more than your entry.","यही निर्णय एक हताहत को दो बना देता है। अप्रशिक्षित व्यक्ति का बिना योजना दोबारा प्रवेश दूसरी मौतों का प्रमुख कारण है। आप वह व्यक्ति हैं जो जानता है वे कहां थे, और वह जानकारी आपके प्रवेश से कहीं अधिक मूल्यवान है।",,
fire-explosion,fire-explosion.steps[4].choices[1].text,option,Report the name and their last known location to the incident controller,नाम और उनकी अंतिम ज्ञात जगह इंसिडेंट कंट्रोलर को बताएं,,
fire-explosion,fire-explosion.steps[4].choices[1].feedback,feedback,Correct. You hold information the rescue team cannot get anywhere else. Handing it over immediately is the highest-value action available to you.,सही। आपके पास वह जानकारी है जो बचाव दल को कहीं और से नहीं मिल सकती। उसे तुरंत सौंपना आपके लिए उपलब्ध सबसे मूल्यवान कार्रवाई है।,,
fire-explosion,fire-explosion.steps[4].choices[2].text,option,Assume they used a different exit and stay quiet,मान लें उन्होंने दूसरा निकास इस्तेमाल किया और चुप रहें,,
fire-explosion,fire-explosion.steps[4].choices[2].feedback,feedback,"A silent assumption removes them from the search. If you have not seen them, say so — an unnecessary check costs minutes, an unreported absence can cost a life.","चुपचाप मान लेना उन्हें तलाश से हटा देता है। यदि आपने उन्हें नहीं देखा, तो बताएं — एक बेवजह जांच में कुछ मिनट लगते हैं, बिना रिपोर्ट अनुपस्थिति एक जान ले सकती है।",,
fire-explosion,fire-explosion.steps[5].prompt,prompt,The fire is out. A colleague starts setting up to resume the grinding job to make up lost time.,आग बुझ गई है। एक सहकर्मी खोया समय पूरा करने के लिए ग्राइंडिंग का काम दोबारा शुरू करने की तैयारी कर रहा है।,,
fire-explosion,fire-explosion.steps[5].choices[0].text,option,Help them restart — the fire is out and the shift is behind,उनकी मदद करें — आग बुझ गई है और शिफ्ट पिछड़ रही है,,
fire-explosion,fire-explosion.steps[5].choices[0].feedback,feedback,The ignition source has not been eliminated and the area has not been re-checked. Restarting hot work over ground that has just burned is how a second fire starts in the same shift.,प्रज्वलन स्रोत हटाया नहीं गया है और क्षेत्र की दोबारा जांच नहीं हुई है। जो ज़मीन अभी जली है उस पर हॉट वर्क दोबारा शुरू करना ऐसे ही उसी शिफ्ट में दूसरी आग लगती है।,,
fire-explosion,fire-explosion.steps[5].choices[1].text,option,Stop the restart until the hot-work permit is re-issued and the area re-inspected,हॉट-वर्क परमिट दोबारा जारी होने और क्षेत्र की दोबारा जांच तक शुरू न होने दें,,
fire-explosion,fire-explosion.steps[5].choices[1].feedback,feedback,Correct. A hot-work permit is void once an incident occurs. Re-inspection and re-issue is the control that stops a repeat.,सही। घटना होने पर हॉट-वर्क परमिट रद्द हो जाता है। दोबारा जांच और जारी करना वही नियंत्रण है जो दोहराव रोकता है।,,
gas-leak-confined-space,gas-leak-confined-space.title,title,Gas Leak & Confined Space Protocol,गैस रिसाव और सीमित स्थान प्रोटोकॉल,,
gas-leak-confined-space,gas-leak-confined-space.intro,intro,You are about to enter a confined underground shaft in a Jharkhand coal mine to inspect a suspected gas leak. Protocol requires a hazard check before entry.,आप झारखंड की एक कोयला खान में संदिग्ध गैस रिसाव की जांच के लिए एक सीमित भूमिगत सुरंग में प्रवेश करने वाले हैं। प्रोटोकॉल के अनुसार प्रवेश से पहले खतरा जांच आवश्यक है।,,
gas-leak-confined-space,gas-leak-confined-space.steps[0].prompt,prompt,"Before entry, your gas detector shows a low-battery warning. What do you do?","प्रवेश से पहले, आपका गैस डिटेक्टर कम बैटरी की चेतावनी दिखा रहा है। आप क्या करेंगे?",,
gas-leak-confined-space,gas-leak-confined-space.steps[0].choices[0].text,option,"Enter anyway, the reading still seems to work","फिर भी प्रवेश करें, रीडिंग अभी भी काम कर रही लगती है",,
gas-leak-confined-space,gas-leak-confined-space.steps[0].choices[0].feedback,feedback,A malfunctioning gas detector cannot be trusted in a confined space — methane and CO buildup are silent killers. Hazard zone recognition depends entirely on working equipment.,खराब गैस डिटेक्टर पर सीमित स्थान में भरोसा नहीं किया जा सकता — मीथेन और सीओ का जमाव खामोश हत्यारे हैं। खतरा क्षेत्र पहचान पूरी तरह काम करने वाले उपकरण पर निर्भर करती है।,,
gas-leak-confined-space,gas-leak-confined-space.steps[0].choices[1].text,option,Report it and swap for a fully charged detector before entry,इसकी रिपोर्ट करें और प्रवेश से पहले पूरी तरह चार्ज डिटेक्टर लें,,
gas-leak-confined-space,gas-leak-confined-space.steps[0].choices[1].feedback,feedback,Correct. Confirming hazard zone readings with reliable equipment is the first step of confined space protocol.,सही। विश्वसनीय उपकरण से खतरा क्षेत्र रीडिंग की पुष्टि करना सीमित स्थान प्रोटोकॉल का पहला कदम है।,,
gas-leak-confined-space,gas-leak-confined-space.steps[1].prompt,prompt,The detector confirms elevated gas levels in the shaft. What PPE do you select before entry?,डिटेक्टर सुरंग में बढ़े हुए गैस स्तर की पुष्टि करता है। प्रवेश से पहले आप कौन सा पीपीई चुनते हैं?,,
gas-leak-confined-space,gas-leak-confined-space.steps[1].choices[0].text,option,"A standard dust mask, since it is quick to put on","एक सामान्य धूल मास्क, क्योंकि इसे जल्दी पहना जा सकता है",,
gas-leak-confined-space,gas-leak-confined-space.steps[1].choices[0].feedback,feedback,A dust mask does not filter gas. Selecting the wrong PPE for a confirmed gas hazard is one of the most dangerous mistakes in confined space work.,धूल मास्क गैस को फिल्टर नहीं करता। पुष्टि किए गए गैस खतरे के लिए गलत पीपीई चुनना सीमित स्थान कार्य में सबसे खतरनाक गलतियों में से एक है।,,
gas-leak-confined-space,gas-leak-confined-space.steps[1].choices[1].text,option,A self-contained breathing apparatus (SCBA) or gas-rated respirator rated for the confirmed gas,पुष्टि की गई गैस के लिए रेटेड सेल्फ-कंटेन्ड ब्रीदिंग एपेरेटस (SCBA) या गैस-रेटेड रेस्पिरेटर,,
gas-leak-confined-space,gas-leak-confined-space.steps[1].choices[1].feedback,feedback,Correct. PPE selection must match the specific hazard — gas-rated respiratory protection is mandatory once elevated gas is confirmed.,सही। पीपीई का चुनाव विशिष्ट खतरे से मेल खाना चाहिए — बढ़ी हुई गैस की पुष्टि होने पर गैस-रेटेड श्वसन सुरक्षा अनिवार्य है।,,
gas-leak-confined-space,gas-leak-confined-space.steps[2].prompt,prompt,You are ready to enter the confined space. Your usual buddy is on a break.,आप सीमित स्थान में प्रवेश के लिए तैयार हैं। आपका सामान्य साथी अवकाश पर है।,,
gas-leak-confined-space,gas-leak-confined-space.steps[2].choices[0].text,option,Enter alone since it will only take a few minutes,अकेले प्रवेश करें क्योंकि इसमें केवल कुछ मिनट लगेंगे,,
gas-leak-confined-space,gas-leak-confined-space.steps[2].choices[0].feedback,feedback,"Confined space entry alone is a critical violation. If you are overcome by gas, no one will know until it is too late — the buddy system exists specifically for this scenario.","सीमित स्थान में अकेले प्रवेश करना एक गंभीर उल्लंघन है। अगर आप गैस से प्रभावित हो जाते हैं, तो किसी को पता नहीं चलेगा जब तक बहुत देर न हो जाए — बडी सिस्टम विशेष रूप से इस स्थिति के लिए है।",,
gas-leak-confined-space,gas-leak-confined-space.steps[2].choices[1].text,option,Wait for a buddy or assign a stand-by attendant before entry,प्रवेश से पहले साथी की प्रतीक्षा करें या एक स्टैंड-बाय अटेंडेंट नियुक्त करें,,
gas-leak-confined-space,gas-leak-confined-space.steps[2].choices[1].feedback,feedback,Correct. The buddy system is mandatory for confined space entry — a second person monitoring from outside can call for rescue immediately if something goes wrong.,सही। सीमित स्थान प्रवेश के लिए बडी सिस्टम अनिवार्य है — बाहर से निगरानी करने वाला दूसरा व्यक्ति कुछ गलत होने पर तुरंत बचाव के लिए बुला सकता है।,,
gas-leak-confined-space,gas-leak-confined-space.steps[3].prompt,prompt,"You are inside. Fifteen minutes in, your detector alarms and the reading is climbing.",आप अंदर हैं। पंद्रह मिनट बाद आपका डिटेक्टर अलार्म बजाता है और रीडिंग बढ़ रही है।,,
gas-leak-confined-space,gas-leak-confined-space.steps[3].choices[0].text,option,Finish the task quickly — you are nearly done and it is only just alarming,काम जल्दी पूरा करें — आप लगभग पूरा कर चुके हैं और अलार्म अभी शुरू ही हुआ है,,
gas-leak-confined-space,gas-leak-confined-space.steps[3].choices[0].feedback,feedback,"A climbing reading means the atmosphere is getting worse, not that you have time. ""Nearly done"" is the reasoning found in most confined-space fatality reports. The alarm is the point at which you leave, not the point at which you hurry.","बढ़ती रीडिंग का मतलब है वातावरण खराब हो रहा है, यह नहीं कि आपके पास समय है। ""लगभग पूरा"" वही तर्क है जो सीमित स्थान की अधिकतर मौतों की रिपोर्ट में मिलता है। अलार्म वह बिंदु है जहां आप बाहर निकलते हैं, जल्दी नहीं करते।",,
gas-leak-confined-space,gas-leak-confined-space.steps[3].choices[1].text,option,Leave immediately by the route you came in and tell the attendant why,जिस रास्ते से आए थे उसी से तुरंत बाहर निकलें और अटेंडेंट को कारण बताएं,,
gas-leak-confined-space,gas-leak-confined-space.steps[3].choices[1].feedback,feedback,Correct. An alarm is an exit instruction. Leaving by the known route and reporting the reading lets the space be re-tested before anyone re-enters.,सही। अलार्म एक निकास निर्देश है। ज्ञात रास्ते से निकलना और रीडिंग बताना यह सुनिश्चित करता है कि किसी के दोबारा प्रवेश से पहले स्थान की दोबारा जांच हो।,,
gas-leak-confined-space,gas-leak-confined-space.steps[3].choices[2].text,option,Take the detector to the far end to find where the gas is coming from,डिटेक्टर लेकर दूर छोर तक जाएं और देखें गैस कहां से आ रही है,,
gas-leak-confined-space,gas-leak-confined-space.steps[3].choices[2].feedback,feedback,"Locating the source is a job for a re-entry with the right equipment, not for the person currently breathing it. Walking further in takes you further from the exit as the atmosphere deteriorates.","स्रोत खोजना सही उपकरण के साथ दोबारा प्रवेश का काम है, उस व्यक्ति का नहीं जो अभी वह गैस सांस में ले रहा है। और अंदर जाना आपको निकास से दूर ले जाता है जबकि वातावरण बिगड़ रहा है।",,
gas-leak-confined-space,gas-leak-confined-space.steps[4].prompt,prompt,Outside now. The attendant says a contractor lifted the barrier and went in to look for you while you were exiting.,अब आप बाहर हैं। अटेंडेंट बताता है कि जब आप निकल रहे थे तब एक ठेका मज़दूर बैरियर उठाकर आपको खोजने अंदर चला गया।,,
gas-leak-confined-space,gas-leak-confined-space.steps[4].choices[0].text,option,Go back in after him — he does not know the layout,उसके पीछे अंदर जाएं — उसे लेआउट नहीं पता,,
gas-leak-confined-space,gas-leak-confined-space.steps[4].choices[0].feedback,feedback,"Two untrained people in an alarming space is two casualties. This is the exact sequence that produces multiple-fatality confined-space incidents, and good intent is what drives it every time.","अलार्म बजते स्थान में दो अप्रशिक्षित लोग यानी दो हताहत। यही क्रम सीमित स्थान की कई-मौत वाली घटनाएं पैदा करता है, और हर बार अच्छी नीयत ही इसे चलाती है।",,
gas-leak-confined-space,gas-leak-confined-space.steps[4].choices[1].text,option,Raise the alarm for a trained rescue team and hold the entry so nobody else follows,प्रशिक्षित बचाव दल के लिए अलार्म बजाएं और प्रवेश रोकें ताकि कोई और न जाए,,
gas-leak-confined-space,gas-leak-confined-space.steps[4].choices[1].feedback,feedback,Correct. Controlling the entry point and calling equipped rescue is the only action that reduces the casualty count rather than adding to it.,सही। प्रवेश बिंदु को नियंत्रित करना और सुसज्जित बचाव बुलाना ही वह कार्रवाई है जो हताहतों की संख्या बढ़ाने के बजाय घटाती है।,,
gas-leak-confined-space,gas-leak-confined-space.steps[5].prompt,prompt,The space has been ventilated. The supervisor asks you to go back in and finish the inspection.,स्थान की हवादारी कर दी गई है। सुपरवाइज़र आपसे दोबारा अंदर जाकर जांच पूरी करने को कहता है।,,
gas-leak-confined-space,gas-leak-confined-space.steps[5].choices[0].text,option,Re-enter — it has been ventilated and you know the space,दोबारा जाएं — हवादारी हो गई है और आप स्थान जानते हैं,,
gas-leak-confined-space,gas-leak-confined-space.steps[5].choices[0].feedback,feedback,"Ventilation is not evidence. Gas can stratify and pool low or in dead ends, and a space that reads clear at the opening can still be lethal three metres in. Re-entry requires a fresh test, not a ventilation run.","हवादारी सबूत नहीं है। गैस परतों में जम सकती है और नीचे या बंद कोनों में इकट्ठा हो सकती है, और जो स्थान मुहाने पर साफ पढ़ता है वह तीन मीटर अंदर जानलेवा हो सकता है। दोबारा प्रवेश के लिए नई जांच चाहिए, हवादारी नहीं।",,
gas-leak-confined-space,gas-leak-confined-space.steps[5].choices[1].text,option,Ask for a fresh atmospheric test at working depth and a new entry permit first,पहले काम की गहराई पर नई वायुमंडलीय जांच और नया प्रवेश परमिट मांगें,,
gas-leak-confined-space,gas-leak-confined-space.steps[5].choices[1].feedback,feedback,"Correct. The permit is void once the space alarms. A fresh test at the depth you will actually work at, and a re-issued permit, are what make re-entry defensible.",सही। स्थान में अलार्म बजने पर परमिट रद्द हो जाता है। जिस गहराई पर आप वास्तव में काम करेंगे वहां नई जांच और दोबारा जारी परमिट ही दोबारा प्रवेश को उचित बनाते हैं।,,
gas-leak-confined-space,gas-leak-confined-space.steps[5].choices[2].text,option,Re-enter but leave the door open and keep the detector in your hand,दोबारा जाएं लेकिन दरवाज़ा खुला रखें और डिटेक्टर हाथ में रखें,,
gas-leak-confined-space,gas-leak-confined-space.steps[5].choices[2].feedback,feedback,"Better instinct, still an unpermitted entry. Carrying a detector tells you when you are already in trouble; a pre-entry test at depth tells you not to go.","सोच बेहतर है, फिर भी यह बिना परमिट प्रवेश है। डिटेक्टर हाथ में रखना बताता है कि आप पहले से मुश्किल में हैं; गहराई पर प्रवेश-पूर्व जांच बताती है कि जाना ही नहीं है।",,
machinery-safety,machinery-safety.title,title,Machinery Safety & Lockout-Tagout,मशीनरी सुरक्षा और लॉकआउट-टैगआउट,,
machinery-safety,machinery-safety.intro,intro,You are operating a hydraulic metal press on a steel fabrication line. Your shift has just started.,आप एक स्टील फैब्रिकेशन लाइन पर हाइड्रोलिक मेटल प्रेस चला रहे हैं। आपकी शिफ्ट अभी शुरू हुई है।,,
machinery-safety,machinery-safety.steps[0].prompt,prompt,"You notice the machine guard on the press has been removed for ""faster access.""","आप देखते हैं कि प्रेस पर मशीन गार्ड को ""तेज़ पहुंच"" के लिए हटा दिया गया है।",,
machinery-safety,machinery-safety.steps[0].choices[0].text,option,Use the machine without the guard to save time,समय बचाने के लिए बिना गार्ड के मशीन का उपयोग करें,,
machinery-safety,machinery-safety.steps[0].choices[0].feedback,feedback,Machine guards exist specifically to prevent crush injuries. Operating without one is one of the most common causes of factory-floor amputations.,मशीन गार्ड कुचलने की चोटों को रोकते हैं। यह फैक्ट्री-फ्लोर विच्छेदन के सबसे सामान्य कारणों में से एक है।,,
machinery-safety,machinery-safety.steps[0].choices[1].text,option,Refuse to operate until the guard is reinstalled,गार्ड फिर से लगाए जाने तक चलाने से इनकार करें,,
machinery-safety,machinery-safety.steps[0].choices[1].feedback,feedback,"Correct. Never operate unguarded machinery — reinstalling safety guards is a prerequisite, not optional.",सही। बिना गार्ड वाली मशीनरी कभी न चलाएं।,,
machinery-safety,machinery-safety.steps[1].prompt,prompt,The press jams mid-cycle and needs to be cleared. What do you do?,प्रेस बीच चक्र में जाम हो जाता है और इसे साफ करने की जरूरत है। आप क्या करते हैं?,,
machinery-safety,machinery-safety.steps[1].choices[0].text,option,"Reach in quickly while the machine is still powered, since it looks stopped","मशीन चालू रहते हुए जल्दी से हाथ डालें, क्योंकि यह रुकी हुई लगती है",,
machinery-safety,machinery-safety.steps[1].choices[0].feedback,feedback,"A machine that ""looks stopped"" can still cycle unexpectedly. Reaching into unlocked machinery is a leading cause of severe crush and amputation injuries.","एक मशीन जो ""रुकी हुई लगती है"" वह अप्रत्याशित रूप से फिर से चालू हो सकती है। बिना लॉक की गई मशीनरी में हाथ डालना गंभीर कुचलने और विच्छेदन चोटों का प्रमुख कारण है।",,
machinery-safety,machinery-safety.steps[1].choices[1].text,option,"Follow lockout-tagout procedure — power down, lock the isolator, tag it, then clear the jam","लॉकआउट-टैगआउट प्रक्रिया का पालन करें — बिजली बंद करें, आइसोलेटर लॉक करें, टैग करें, फिर जाम साफ करें",,
machinery-safety,machinery-safety.steps[1].choices[1].feedback,feedback,Correct. Lockout-tagout (LOTO) ensures machinery cannot re-energize while you are clearing it — this is mandatory before any maintenance or unjamming task.,सही। लॉकआउट-टैगआउट (LOTO) सुनिश्चित करता है कि मशीनरी आपके इसे साफ करते समय फिर से चालू न हो — यह किसी भी रखरखाव या जाम हटाने के कार्य से पहले अनिवार्य है।,,
machinery-safety,machinery-safety.steps[2].prompt,prompt,A colleague asks you to help lift a heavy metal sheet using an improper bent-back posture.,एक सहकर्मी आपसे गलत झुकी हुई मुद्रा में भारी धातु शीट उठाने में मदद मांगता है।,,
machinery-safety,machinery-safety.steps[2].choices[0].text,option,Lift it quickly the way they suggest,उनके सुझाए तरीके से जल्दी उठाएं,,
machinery-safety,machinery-safety.steps[2].choices[0].feedback,feedback,Improper lifting posture is a leading cause of long-term spinal injury in manufacturing workers.,गलत उठाने की मुद्रा दीर्घकालिक रीढ़ की चोट का प्रमुख कारण है।,,
machinery-safety,machinery-safety.steps[2].choices[1].text,option,Suggest proper lifting technique or use lifting equipment,सही उठाने की तकनीक सुझाएं या उठाने के उपकरण का उपयोग करें,,
machinery-safety,machinery-safety.steps[2].choices[1].feedback,feedback,"Correct. Bend at the knees, keep the load close, or use mechanical aids — this prevents chronic injuries.","सही। घुटनों पर झुकें, भार को पास रखें, या मैकेनिकल सहायता का उपयोग करें।",,
machinery-safety,machinery-safety.steps[3].prompt,prompt,You have isolated the press and fitted your lock. A fitter arrives to help and asks you to open up so he can fit his own lock.,आपने प्रेस को आइसोलेट कर अपना लॉक लगा दिया है। एक फिटर मदद के लिए आता है और कहता है कि खोलो ताकि वह अपना लॉक लगा सके।,,
machinery-safety,machinery-safety.steps[3].choices[0].text,option,"Remove your lock so he can fit his, then put yours back on","अपना लॉक हटाएं ताकि वह अपना लगा सके, फिर अपना दोबारा लगाएं",,
machinery-safety,machinery-safety.steps[3].choices[0].feedback,feedback,"For the seconds your lock is off, the machine can be energised by anyone. Group isolation exists precisely so nobody has to remove a lock to add one — a multi-lock hasp takes both without ever leaving the isolation open.","जिन सेकंडों में आपका लॉक हटा है, मशीन कोई भी चालू कर सकता है। ग्रुप आइसोलेशन इसीलिए है कि लॉक जोड़ने के लिए किसी को लॉक हटाना न पड़े — मल्टी-लॉक हैस्प दोनों लॉक लेता है और आइसोलेशन कभी नहीं खुलता।",,
machinery-safety,machinery-safety.steps[3].choices[1].text,option,Fit a multi-lock hasp so both locks are on at once and the isolation is never broken,मल्टी-लॉक हैस्प लगाएं ताकि दोनों लॉक एक साथ रहें और आइसोलेशन कभी न टूटे,,
machinery-safety,machinery-safety.steps[3].choices[1].feedback,feedback,"Correct. Every person working on the machine holds their own lock, and the isolation stays continuous. The machine cannot start while any one lock remains.","सही। मशीन पर काम करने वाला हर व्यक्ति अपना लॉक रखता है और आइसोलेशन लगातार बना रहता है। जब तक एक भी लॉक लगा है, मशीन चालू नहीं हो सकती।",,
machinery-safety,machinery-safety.steps[3].choices[2].text,option,Tell him your lock covers both of you,उसे बताएं कि आपका लॉक दोनों के लिए काफी है,,
machinery-safety,machinery-safety.steps[3].choices[2].feedback,feedback,"One lock protects one person. If you finish first and remove it, he is still inside a machine that is now live and he has no way to know. Each worker holds their own.","एक लॉक एक व्यक्ति की रक्षा करता है। यदि आप पहले खत्म कर लॉक हटा देते हैं, तो वह अब चालू मशीन के अंदर है और उसे पता ही नहीं चलेगा। हर श्रमिक अपना लॉक रखता है।",,
machinery-safety,machinery-safety.steps[4].prompt,prompt,Work is done. You are about to remove your lock and hand the press back.,काम पूरा हो गया। आप अपना लॉक हटाकर प्रेस वापस सौंपने वाले हैं।,,
machinery-safety,machinery-safety.steps[4].choices[0].text,option,Remove the lock and press start to check it runs,लॉक हटाएं और स्टार्ट दबाकर देखें कि चल रही है,,
machinery-safety,machinery-safety.steps[4].choices[0].feedback,feedback,Nothing has confirmed the danger zone is clear. Starting a machine while a hand or a tool may still be inside it is the final step where LOTO discipline usually fails.,किसी ने पुष्टि नहीं की कि खतरा क्षेत्र खाली है। जब हाथ या औज़ार अभी भी अंदर हो सकता है तब मशीन चालू करना वही अंतिम चरण है जहां LOTO अनुशासन आमतौर पर टूटता है।,,
machinery-safety,machinery-safety.steps[4].choices[1].text,option,"Clear tools, confirm everyone is clear of the danger zone, refit the guard, then remove the lock","औज़ार हटाएं, पुष्टि करें कि सब खतरा क्षेत्र से दूर हैं, गार्ड लगाएं, फिर लॉक हटाएं",,
machinery-safety,machinery-safety.steps[4].choices[1].feedback,feedback,"Correct. The order matters: tools out, people clear, guard on, lock off. Reversing any of those turns a completed job into an incident.","सही। क्रम मायने रखता है: औज़ार बाहर, लोग दूर, गार्ड लगा, लॉक हटा। इनमें से कोई भी उलटने से पूरा हुआ काम एक घटना बन जाता है।",,
machinery-safety,machinery-safety.steps[5].prompt,prompt,"Next shift, the press runs but the two-hand start control now works with one hand.",अगली शिफ्ट में प्रेस चल रही है लेकिन दो-हाथ स्टार्ट कंट्रोल अब एक हाथ से भी काम कर रहा है।,,
machinery-safety,machinery-safety.steps[5].choices[0].text,option,Keep running it — the machine works and output is behind,चलाते रहें — मशीन काम कर रही है और उत्पादन पिछड़ रहा है,,
machinery-safety,machinery-safety.steps[5].choices[0].feedback,feedback,"A two-hand control exists so both hands are outside the die when it closes. Defeated, it is not a minor fault; it is the specific guard that prevents an amputation, and it has been removed.","दो-हाथ कंट्रोल इसलिए है कि डाई बंद होते समय दोनों हाथ बाहर हों। इसे निष्क्रिय करना छोटी खराबी नहीं है; यह वही गार्ड है जो विच्छेदन रोकता है, और वह हटा दिया गया है।",,
machinery-safety,machinery-safety.steps[5].choices[1].text,option,"Stop the machine, tag it out of service and report the defeated control","मशीन रोकें, सेवा से बाहर टैग करें और निष्क्रिय कंट्रोल की रिपोर्ट करें",,
machinery-safety,machinery-safety.steps[5].choices[1].feedback,feedback,Correct. A defeated safety control is a stop-work condition. Tagging it prevents the next operator inheriting an unguarded machine that looks normal.,सही। निष्क्रिय सुरक्षा कंट्रोल काम रोकने की स्थिति है। टैग करना अगले ऑपरेटर को ऐसी बिना गार्ड मशीन मिलने से बचाता है जो सामान्य दिखती है।,,
machinery-safety,machinery-safety.steps[5].choices[2].text,option,Run it carefully and mention it at the end of the shift,सावधानी से चलाएं और शिफ्ट के अंत में बता दें,,
machinery-safety,machinery-safety.steps[5].choices[2].feedback,feedback,"Care is not a substitute for a guard, and the next operator will not know. The whole risk of a defeated control is that the machine looks and behaves as usual until it takes a hand.","सावधानी गार्ड का विकल्प नहीं है, और अगले ऑपरेटर को पता नहीं होगा। निष्क्रिय कंट्रोल का पूरा जोखिम यही है कि मशीन हाथ ले लेने तक सामान्य दिखती और चलती रहती है।",,
electrical-hazard,electrical-hazard.title,title,Electrical Hazard Response,विद्युत खतरा प्रतिक्रिया,,
electrical-hazard,electrical-hazard.intro,intro,You are doing a routine floor walk near the plant's main electrical distribution panel.,आप प्लांट के मुख्य इलेक्ट्रिकल डिस्ट्रीब्यूशन पैनल के पास नियमित फ्लोर वॉक कर रहे हैं।,,
electrical-hazard,electrical-hazard.steps[0].prompt,prompt,"You notice a frayed, exposed wire running across a walkway near the panel.","आप पैनल के पास वॉकवे में एक कटा हुआ, खुला तार देखते हैं।",,
electrical-hazard,electrical-hazard.steps[0].choices[0].text,option,Step over it carefully and continue on,सावधानी से उसके ऊपर से कदम बढ़ाकर आगे बढ़ें,,
electrical-hazard,electrical-hazard.steps[0].choices[0].feedback,feedback,"An exposed live wire is a shock and fire hazard for everyone who walks that path after you, not just you. Stepping over it does not make it safe.",एक खुला जीवित तार आपके बाद उस रास्ते से चलने वाले हर व्यक्ति के लिए शॉक और आग का खतरा है। उसके ऊपर से कदम बढ़ाने से यह सुरक्षित नहीं हो जाता।,,
electrical-hazard,electrical-hazard.steps[0].choices[1].text,option,"Cordon off the area, de-energize if trained to, and report it immediately","क्षेत्र को घेर दें, यदि प्रशिक्षित हों तो बिजली बंद करें, और तुरंत रिपोर्ट करें",,
electrical-hazard,electrical-hazard.steps[0].choices[1].feedback,feedback,Correct. Exposed wiring must be isolated from foot traffic and reported for repair right away.,सही। खुले तार को पैदल यातायात से अलग किया जाना चाहिए और तुरंत मरम्मत के लिए रिपोर्ट किया जाना चाहिए।,,
electrical-hazard,electrical-hazard.steps[1].prompt,prompt,A technician needs to service equipment connected to this panel. What is required before they start?,एक तकनीशियन को इस पैनल से जुड़े उपकरण की सर्विस करनी है। शुरू करने से पहले क्या आवश्यक है?,,
electrical-hazard,electrical-hazard.steps[1].choices[0].text,option,They can start immediately since they are experienced,वे तुरंत शुरू कर सकते हैं क्योंकि वे अनुभवी हैं,,
electrical-hazard,electrical-hazard.steps[1].choices[0].feedback,feedback,Experience does not replace lockout-tagout. Skipping isolation before electrical maintenance is how experienced technicians get seriously injured.,अनुभव लॉकआउट-टैगआउट की जगह नहीं ले सकता। इलेक्ट्रिकल रखरखाव से पहले आइसोलेशन छोड़ना ही अनुभवी तकनीशियनों के गंभीर रूप से घायल होने का कारण बनता है।,,
electrical-hazard,electrical-hazard.steps[1].choices[1].text,option,"The circuit must be locked out, tagged, and tested dead before any work begins","काम शुरू होने से पहले सर्किट को लॉक, टैग और डेड-टेस्ट किया जाना चाहिए",,
electrical-hazard,electrical-hazard.steps[1].choices[1].feedback,feedback,Correct. Lockout-tagout plus a dead-test confirmation is mandatory before touching any electrical equipment for maintenance.,सही। किसी भी रखरखाव कार्य के लिए इलेक्ट्रिकल उपकरण को छूने से पहले लॉकआउट-टैगआउट और डेड-टेस्ट पुष्टि अनिवार्य है।,,
electrical-hazard,electrical-hazard.steps[2].prompt,prompt,You smell a faint burning odor coming from the panel area.,आपको पैनल क्षेत्र से हल्की जलने की गंध आती है।,,
electrical-hazard,electrical-hazard.steps[2].choices[0].text,option,"Keep working, someone else will notice eventually","काम जारी रखें, कोई और आखिरकार नोटिस करेगा",,
electrical-hazard,electrical-hazard.steps[2].choices[0].feedback,feedback,A burning smell near electrical equipment is an early fire warning sign. Delayed reporting can lead to a major electrical fire.,इलेक्ट्रिकल उपकरण के पास जलने की गंध आग की शुरुआती चेतावनी है। देर से रिपोर्टिंग एक बड़ी इलेक्ट्रिकल आग का कारण बन सकती है।,,
electrical-hazard,electrical-hazard.steps[2].choices[1].text,option,"Stop work, report it, and alert the fire safety team","काम रोकें, इसकी रिपोर्ट करें और फायर सेफ्टी टीम को सचेत करें",,
electrical-hazard,electrical-hazard.steps[2].choices[1].feedback,feedback,Correct. Early reporting of electrical burning smells is critical fire-prevention behavior.,सही। इलेक्ट्रिकल जलने की गंध की जल्दी रिपोर्टिंग महत्वपूर्ण अग्नि-रोकथाम व्यवहार है।,,
electrical-hazard,electrical-hazard.steps[3].prompt,prompt,A workmate is gripping a live cable and cannot let go. He is conscious but rigid.,एक साथी जीवित तार पकड़े हुए है और छोड़ नहीं पा रहा। वह होश में है लेकिन अकड़ा हुआ है।,,
electrical-hazard,electrical-hazard.steps[3].choices[0].text,option,Pull him off by the arm — every second counts,उसे बांह से खींच लें — हर सेकंड कीमती है,,
electrical-hazard,electrical-hazard.steps[3].choices[0].feedback,feedback,"Touching him puts the same current through you, and rescuers become the second casualty in a large share of electrical fatalities. He is rigid because the current has locked his muscles; adding your body to the circuit helps neither of you.","उसे छूने से वही करंट आपमें से गुज़रेगा, और बिजली से होने वाली मौतों के बड़े हिस्से में बचाने वाला दूसरा हताहत बनता है। वह अकड़ा हुआ है क्योंकि करंट ने उसकी मांसपेशियां जकड़ दी हैं; सर्किट में अपना शरीर जोड़ना किसी की मदद नहीं करता।",,
electrical-hazard,electrical-hazard.steps[3].choices[1].text,option,"Isolate the supply first, then reach him","पहले सप्लाई आइसोलेट करें, फिर उस तक पहुंचें",,
electrical-hazard,electrical-hazard.steps[3].choices[1].feedback,feedback,"Correct. Isolation is the rescue. Until the current stops he is part of a live circuit, and the fastest safe route to him is the switch, not his arm.","सही। आइसोलेशन ही बचाव है। जब तक करंट बंद नहीं होता वह एक जीवित सर्किट का हिस्सा है, और उस तक सबसे तेज़ सुरक्षित रास्ता स्विच है, उसकी बांह नहीं।",,
electrical-hazard,electrical-hazard.steps[3].choices[2].text,option,Use a dry wooden plank to push him clear without isolating,आइसोलेट किए बिना सूखे लकड़ी के तख्ते से उसे धक्का देकर हटाएं,,
electrical-hazard,electrical-hazard.steps[3].choices[2].feedback,feedback,"A recognised last resort when isolation is genuinely impossible, and far better than bare hands — but the isolator is right there. Insulated separation is what you do when you cannot kill the supply, not instead of killing it.","जब आइसोलेशन वाकई असंभव हो तब यह मान्य अंतिम उपाय है और नंगे हाथों से बहुत बेहतर — लेकिन आइसोलेटर सामने ही है। इंसुलेटेड अलगाव तब किया जाता है जब सप्लाई बंद न कर सकें, उसकी जगह नहीं।",,
electrical-hazard,electrical-hazard.steps[4].prompt,prompt,You are asked to work on a panel that has been switched off at the breaker.,आपसे एक पैनल पर काम करने को कहा गया है जिसे ब्रेकर से बंद कर दिया गया है।,,
electrical-hazard,electrical-hazard.steps[4].choices[0].text,option,Start work — the breaker is off and labelled,काम शुरू करें — ब्रेकर बंद है और लेबल लगा है,,
electrical-hazard,electrical-hazard.steps[4].choices[0].feedback,feedback,"A label records an intention, not a state. Breakers are mislabelled, wired back-fed, or switched by someone else while you work. Nothing but a test on the conductors you are about to touch proves they are dead.","लेबल इरादा दर्ज करता है, स्थिति नहीं। ब्रेकर पर गलत लेबल हो सकता है, बैक-फीड हो सकती है, या आपके काम करते समय कोई और चालू कर सकता है। जिन कंडक्टरों को आप छूने वाले हैं उन पर जांच के अलावा कुछ भी साबित नहीं करता कि वे मृत हैं।",,
electrical-hazard,electrical-hazard.steps[4].choices[1].text,option,"Lock off, then prove dead on every conductor with an approved tester before touching anything","लॉक ऑफ करें, फिर कुछ भी छूने से पहले मान्य टेस्टर से हर कंडक्टर पर मृत साबित करें",,
electrical-hazard,electrical-hazard.steps[4].choices[1].feedback,feedback,"Correct. Isolate, lock, prove dead, then work — and prove it on the conductors you will actually contact. Testing the tester first is part of it.","सही। आइसोलेट करें, लॉक करें, मृत साबित करें, फिर काम करें — और उन्हीं कंडक्टरों पर साबित करें जिन्हें आप छुएंगे। पहले टेस्टर को जांचना भी इसका हिस्सा है।",,
electrical-hazard,electrical-hazard.steps[5].prompt,prompt,Water from a leaking pipe is pooling under a live floor-standing distribution board.,रिसते पाइप का पानी एक जीवित फ़्लोर-स्टैंडिंग डिस्ट्रिब्यूशन बोर्ड के नीचे इकट्ठा हो रहा है।,,
electrical-hazard,electrical-hazard.steps[5].choices[0].text,option,Mop it up before it reaches the board,बोर्ड तक पहुंचने से पहले पानी पोंछ दें,,
electrical-hazard,electrical-hazard.steps[5].choices[0].feedback,feedback,"That puts you standing in a conductive pool beside live equipment. Water plus an energised board is a step-and-touch shock risk, and the person mopping is the one completing the path to earth.","यह आपको जीवित उपकरण के पास प्रवाहकीय पानी में खड़ा कर देता है। पानी और ऊर्जावान बोर्ड मिलकर स्टेप-एंड-टच झटके का जोखिम बनाते हैं, और पोंछने वाला ही धरती तक रास्ता पूरा करता है।",,
electrical-hazard,electrical-hazard.steps[5].choices[1].text,option,"Keep everyone back, isolate the board upstream, then deal with the water","सबको दूर रखें, बोर्ड को अपस्ट्रीम से आइसोलेट करें, फिर पानी संभालें",,
electrical-hazard,electrical-hazard.steps[5].choices[1].feedback,feedback,"Correct. De-energise first and clear people from the area. The water is a hazard only because the board is live, so removing the energy removes the hazard.","सही। पहले डी-एनर्जाइज़ करें और लोगों को क्षेत्र से हटाएं। पानी खतरा केवल इसलिए है कि बोर्ड जीवित है, इसलिए ऊर्जा हटाने से खतरा हट जाता है।",,
electrical-hazard,electrical-hazard.steps[5].choices[2].text,option,Put down a rubber mat and mop from on top of it,रबर मैट बिछाकर उसके ऊपर से पोंछें,,
electrical-hazard,electrical-hazard.steps[5].choices[2].feedback,feedback,A mat is not rated for this and gives false confidence. Standing on an untested insulator next to a live board in standing water is still an unacceptable exposure when isolation is available.,"मैट इस काम के लिए रेटेड नहीं है और झूठा भरोसा देती है। खड़े पानी में जीवित बोर्ड के पास बिना जांचे इंसुलेटर पर खड़ा होना, जब आइसोलेशन उपलब्ध है, तब भी अस्वीकार्य जोखिम है।",,
dust-respiratory,dust-respiratory.title,title,Dust & Respiratory Hazard Protection,धूल और श्वसन खतरा सुरक्षा,,
dust-respiratory,dust-respiratory.intro,intro,You are working in a mica processing unit where fine mineral dust is a constant part of the job. Long-term exposure without protection can cause silicosis and other lung disease.,आप एक अभ्रक (माइका) प्रसंस्करण इकाई में काम कर रहे हैं जहां महीन खनिज धूल काम का एक निरंतर हिस्सा है। बिना सुरक्षा के लंबे समय तक संपर्क सिलिकोसिस और अन्य फेफड़ों की बीमारी का कारण बन सकता है।,,
dust-respiratory,dust-respiratory.steps[0].prompt,prompt,"You are about to start a shift splitting mica sheets, which generates fine dust. What PPE do you select?","आप अभ्रक की चादरें विभाजित करने की शिफ्ट शुरू करने वाले हैं, जिससे महीन धूल पैदा होती है। आप कौन सा पीपीई चुनते हैं?",,
dust-respiratory,dust-respiratory.steps[0].choices[0].text,option,"A cloth covering over your nose and mouth, since it is what is available","नाक और मुंह पर कपड़े का आवरण, क्योंकि यह उपलब्ध है",,
dust-respiratory,dust-respiratory.steps[0].choices[0].feedback,feedback,Cloth coverings do not filter fine mineral dust. This is exactly the kind of exposure that leads to silicosis over years of work.,कपड़े का आवरण महीन खनिज धूल को फिल्टर नहीं करता। यह बिल्कुल वही प्रकार का संपर्क है जो वर्षों के काम में सिलिकोसिस का कारण बनता है।,,
dust-respiratory,dust-respiratory.steps[0].choices[1].text,option,A properly rated dust/respirator mask (N95 or better) approved for mineral dust,खनिज धूल के लिए अनुमोदित उचित रेटेड धूल/रेस्पिरेटर मास्क (N95 या बेहतर),,
dust-respiratory,dust-respiratory.steps[0].choices[1].feedback,feedback,Correct. Fine mica and silica dust requires a rated respirator — general cloth coverings offer no real protection.,सही। महीन अभ्रक और सिलिका धूल के लिए रेटेड रेस्पिरेटर आवश्यक है — सामान्य कपड़े का आवरण कोई वास्तविक सुरक्षा नहीं देता।,,
dust-respiratory,dust-respiratory.steps[1].prompt,prompt,The work area floor is covered in settled dust and needs to be cleaned before shift change.,कार्य क्षेत्र का फर्श जमी हुई धूल से ढका है और शिफ्ट बदलने से पहले साफ करने की जरूरत है।,,
dust-respiratory,dust-respiratory.steps[1].choices[0].text,option,Dry sweep it to clear it quickly,इसे जल्दी साफ करने के लिए सूखा झाड़ें,,
dust-respiratory,dust-respiratory.steps[1].choices[0].feedback,feedback,"Dry sweeping re-suspends fine dust into the air, increasing everyone's exposure. This is one of the most common dust-safety mistakes on a mica floor.","सूखा झाड़ना महीन धूल को फिर से हवा में उड़ा देता है, जिससे सभी का संपर्क बढ़ जाता है। यह अभ्रक फर्श पर सबसे आम धूल-सुरक्षा गलतियों में से एक है।",,
dust-respiratory,dust-respiratory.steps[1].choices[1].text,option,Use wet suppression or a vacuum with a dust filter,गीला दमन या धूल फिल्टर वाले वैक्यूम का उपयोग करें,,
dust-respiratory,dust-respiratory.steps[1].choices[1].feedback,feedback,Correct. Wet suppression keeps dust from becoming airborne again — dry sweeping should never be used in a high dust environment.,सही। गीला दमन धूल को फिर से हवा में उड़ने से रोकता है — उच्च धूल वातावरण में कभी भी सूखा झाड़ना नहीं चाहिए।,,
dust-respiratory,dust-respiratory.steps[2].prompt,prompt,A co-worker mentions they have had a persistent cough and shortness of breath for several weeks.,एक सहकर्मी बताता है कि उन्हें कई हफ्तों से लगातार खांसी और सांस फूलने की समस्या है।,,
dust-respiratory,dust-respiratory.steps[2].choices[0].text,option,"Tell them it is probably nothing, dust exposure is normal in this job","उन्हें बताएं कि यह शायद कुछ नहीं है, इस काम में धूल का संपर्क सामान्य है",,
dust-respiratory,dust-respiratory.steps[2].choices[0].feedback,feedback,"Normalizing respiratory symptoms delays diagnosis of silicosis and other occupational lung disease, which is far more treatable when caught early.","श्वसन लक्षणों को सामान्य मानना सिलिकोसिस और अन्य व्यावसायिक फेफड़ों की बीमारी के निदान में देरी करता है, जो जल्दी पकड़े जाने पर कहीं अधिक इलाज योग्य है।",,
dust-respiratory,dust-respiratory.steps[2].choices[1].text,option,Encourage them to report it and get a medical check as per occupational health protocol,उन्हें इसकी रिपोर्ट करने और व्यावसायिक स्वास्थ्य प्रोटोकॉल के अनुसार मेडिकल जांच कराने के लिए प्रोत्साहित करें,,
dust-respiratory,dust-respiratory.steps[2].choices[1].feedback,feedback,Correct. Persistent respiratory symptoms in a dust environment should always be reported and medically checked — early detection saves lives.,सही। धूल वातावरण में लगातार श्वसन लक्षणों की हमेशा रिपोर्ट और मेडिकल जांच होनी चाहिए — जल्दी पहचान जान बचाती है।,,
dust-respiratory,dust-respiratory.steps[3].prompt,prompt,You put your respirator on. It sits loose against your cheek because you have a beard.,आपने रेस्पिरेटर पहना। दाढ़ी होने के कारण यह आपके गाल पर ढीला बैठता है।,,
dust-respiratory,dust-respiratory.steps[3].choices[0].text,option,Wear it as is — a loose respirator is better than none,ऐसे ही पहनें — ढीला रेस्पिरेटर कुछ न होने से बेहतर है,,
dust-respiratory,dust-respiratory.steps[3].choices[0].feedback,feedback,"It is not. A tight-fitting respirator works by seal, and air takes the easy path around a broken seal rather than through the filter. You get the discomfort of the mask and almost none of the protection, plus the false confidence that you are protected.","नहीं है। टाइट-फिटिंग रेस्पिरेटर सील से काम करता है, और हवा फिल्टर से गुज़रने के बजाय टूटी सील के आसपास से आसान रास्ता ले लेती है। आपको मास्क की तकलीफ मिलती है और सुरक्षा लगभग शून्य, साथ में यह झूठा भरोसा कि आप सुरक्षित हैं।",,
dust-respiratory,dust-respiratory.steps[3].choices[1].text,option,Ask for a loose-fitting powered respirator or hood that does not rely on a face seal,ऐसा पावर्ड रेस्पिरेटर या हुड मांगें जो चेहरे की सील पर निर्भर न हो,,
dust-respiratory,dust-respiratory.steps[3].choices[1].feedback,feedback,"Correct. Where a seal cannot be achieved, the answer is equipment that does not need one. Fit is not a formality — it is the entire mechanism.","सही। जहां सील नहीं बन सकती, वहां उत्तर वह उपकरण है जिसे सील की जरूरत ही नहीं। फिट औपचारिकता नहीं है — यही पूरी कार्यविधि है।",,
dust-respiratory,dust-respiratory.steps[3].choices[2].text,option,Pull the straps as tight as they will go to force a seal,सील बनाने के लिए पट्टियां जितनी कस सकें उतनी कस दें,,
dust-respiratory,dust-respiratory.steps[3].choices[2].feedback,feedback,"Over-tightening does not seal against hair and it makes the mask painful enough that it will come off within the hour. The seal fails at the hair, not at the strap tension.","ज़्यादा कसने से बालों पर सील नहीं बनती और मास्क इतना दर्द देता है कि एक घंटे में उतर जाएगा। सील बालों पर टूटती है, पट्टी के तनाव पर नहीं।",,
dust-respiratory,dust-respiratory.steps[4].prompt,prompt,The extraction hood over the splitting bench has been swung aside so workers can reach the material more easily.,स्प्लिटिंग बेंच के ऊपर लगा एक्सट्रैक्शन हुड हटा दिया गया है ताकि श्रमिक सामग्री तक आसानी से पहुंच सकें।,,
dust-respiratory,dust-respiratory.steps[4].choices[0].text,option,Leave it — the work is faster and everyone is wearing masks,छोड़ दें — काम तेज़ है और सब मास्क पहने हैं,,
dust-respiratory,dust-respiratory.steps[4].choices[0].feedback,feedback,"Extraction removes dust from the air; a mask only protects the one person wearing it, and only while it is sealed and fitted. Losing extraction raises exposure for the whole bench and loads every filter faster.","एक्सट्रैक्शन हवा से धूल हटाता है; मास्क केवल पहनने वाले एक व्यक्ति की रक्षा करता है, और वह भी तभी जब सील और फिट सही हो। एक्सट्रैक्शन खोने से पूरी बेंच का संपर्क बढ़ता है और हर फिल्टर तेज़ी से भरता है।",,
dust-respiratory,dust-respiratory.steps[4].choices[1].text,option,Reposition the hood over the dust source before work continues,काम जारी रखने से पहले हुड को धूल स्रोत पर दोबारा लगाएं,,
dust-respiratory,dust-respiratory.steps[4].choices[1].feedback,feedback,"Correct. Controlling dust at source protects everyone in the area at once. PPE is the last line, not the first, and it is not a substitute for extraction.","सही। स्रोत पर धूल नियंत्रित करना क्षेत्र के सभी लोगों की एक साथ रक्षा करता है। पीपीई अंतिम पंक्ति है, पहली नहीं, और यह एक्सट्रैक्शन का विकल्प नहीं है।",,
dust-respiratory,dust-respiratory.steps[5].prompt,prompt,Your respirator filter is past its change date but still breathes easily.,आपके रेस्पिरेटर का फिल्टर बदलने की तारीख निकल चुकी है लेकिन सांस अभी भी आसानी से आती है।,,
dust-respiratory,dust-respiratory.steps[5].choices[0].text,option,Keep using it — it does not feel blocked,इस्तेमाल जारी रखें — यह बंद नहीं लगता,,
dust-respiratory,dust-respiratory.steps[5].choices[0].feedback,feedback,"Breathing resistance tells you a particulate filter is loading, but it is not a reliable indicator of remaining life and it tells you nothing at all on a gas or vapour cartridge, which can be exhausted while still breathing freely.","सांस का प्रतिरोध बताता है कि पार्टिकुलेट फिल्टर भर रहा है, पर यह बची हुई उम्र का भरोसेमंद संकेत नहीं है और गैस या वेपर कार्ट्रिज पर कुछ भी नहीं बताता, जो आसानी से सांस देते हुए भी खत्म हो सकता है।",,
dust-respiratory,dust-respiratory.steps[5].choices[1].text,option,"Change the filter and record it, on schedule rather than on feel","फिल्टर बदलें और दर्ज करें, अनुसूची के अनुसार, महसूस के अनुसार नहीं",,
dust-respiratory,dust-respiratory.steps[5].choices[1].feedback,feedback,"Correct. Filter life is managed by a change schedule, not by sensation. Recording the change is what makes the schedule real rather than a habit.","सही। फिल्टर की उम्र बदलने की अनुसूची से संभाली जाती है, संवेदना से नहीं। बदलाव दर्ज करना ही अनुसूची को आदत के बजाय वास्तविक बनाता है।",,
dust-respiratory,dust-respiratory.steps[5].choices[2].text,option,Blow the filter clean with the airline and carry on,एयरलाइन से फिल्टर को फूंक कर साफ करें और चलते रहें,,
dust-respiratory,dust-respiratory.steps[5].choices[2].feedback,feedback,"Compressed air drives trapped dust through the media and damages it, so a filter cleaned this way is worse than the one you started with. It is also a good way to inhale a concentrated cloud of what it had already captured.","संपीड़ित हवा फंसी धूल को मीडिया के आर-पार धकेलती है और उसे नुकसान पहुंचाती है, इसलिए इस तरह साफ किया फिल्टर पहले से खराब हो जाता है। यह उसी चीज़ का गाढ़ा बादल सांस में लेने का भी अच्छा तरीका है जो उसने पकड़ी थी।",,
warehouse-loading,warehouse-loading.title,title,Warehouse & Loading Bay,गोदाम और लोडिंग बे,,
warehouse-loading,warehouse-loading.intro,intro,"You are working in a materials warehouse attached to the plant, coordinating forklift movement and stacked inventory during a busy shift.","आप प्लांट से जुड़े एक सामान गोदाम में काम कर रहे हैं, व्यस्त शिफ्ट के दौरान फोर्कलिफ्ट आवाजाही और स्टैक्ड इन्वेंट्री का समन्वय कर रहे हैं।",,
warehouse-loading,warehouse-loading.steps[0].prompt,prompt,"A forklift is reversing near you with its warning beeper disabled because ""it was too noisy.""","एक फोर्कलिफ्ट आपके पास पीछे जा रहा है जिसकी रिवर्सिंग बीपर ""बहुत शोर करता था"" इसलिए बंद कर दी गई है।",,
warehouse-loading,warehouse-loading.steps[0].choices[0].text,option,Continue walking through the area as usual,हमेशा की तरह इस क्षेत्र से चलते रहें,,
warehouse-loading,warehouse-loading.steps[0].choices[0].feedback,feedback,A disabled reversing alarm removes the only warning pedestrians get. Struck-by-forklift incidents are a leading cause of warehouse fatalities.,बंद रिवर्सिंग अलार्म पैदल चलने वालों को मिलने वाली एकमात्र चेतावनी को हटा देता है। फोर्कलिफ्ट से टकराना गोदाम में मौत का प्रमुख कारण है।,,
warehouse-loading,warehouse-loading.steps[0].choices[1].text,option,"Stop, report the disabled alarm, and avoid the forklift's path","रुकें, बंद अलार्म की रिपोर्ट करें, और फोर्कलिफ्ट के रास्ते से बचें",,
warehouse-loading,warehouse-loading.steps[0].choices[1].feedback,feedback,Correct. Reversing alarms must never be disabled — report it immediately and keep clear until it is fixed.,सही। रिवर्सिंग अलार्म को कभी बंद नहीं किया जाना चाहिए — तुरंत रिपोर्ट करें और ठीक होने तक दूर रहें।,,
warehouse-loading,warehouse-loading.steps[1].prompt,prompt,"You see steel drums stacked three-high without any strapping, swaying slightly.",आप देखते हैं कि स्टील ड्रम बिना किसी स्ट्रैपिंग के तीन-ऊंचे स्टैक किए गए हैं और हल्के से हिल रहे हैं।,,
warehouse-loading,warehouse-loading.steps[1].choices[0].text,option,"Walk past quickly, it has been like that for days","जल्दी से आगे बढ़ें, यह कई दिनों से ऐसा ही है",,
warehouse-loading,warehouse-loading.steps[1].choices[0].feedback,feedback,Unsecured stacked loads can topple with no warning. Normalizing a known hazard is exactly how warehouse crush injuries happen.,बिना सुरक्षित स्टैक्ड लोड बिना किसी चेतावनी के गिर सकते हैं। किसी ज्ञात खतरे को सामान्य मानना ​​ठीक वैसे ही गोदाम कुचलने की चोटों का कारण बनता है।,,
warehouse-loading,warehouse-loading.steps[1].choices[1].text,option,Cordon off the area and report it for proper restacking,क्षेत्र को घेर दें और उचित रीस्टैकिंग के लिए रिपोर्ट करें,,
warehouse-loading,warehouse-loading.steps[1].choices[1].feedback,feedback,Correct. Unstable stacked loads must be secured or cordoned off immediately — this prevents crush injuries from a sudden collapse.,सही। अस्थिर स्टैक्ड लोड को तुरंत सुरक्षित या घेरा जाना चाहिए — यह अचानक गिरने से कुचलने की चोटों को रोकता है।,,
warehouse-loading,warehouse-loading.steps[2].prompt,prompt,You need to reach a box on a high shelf and the only ladder nearby has a visibly cracked step.,आपको ऊंचे शेल्फ पर रखे एक बॉक्स तक पहुंचना है और पास की एकमात्र सीढ़ी में स्पष्ट रूप से टूटा हुआ कदम है।,,
warehouse-loading,warehouse-loading.steps[2].choices[0].text,option,"Use it carefully, just this once","सावधानी से इसका उपयोग करें, बस इस बार",,
warehouse-loading,warehouse-loading.steps[2].choices[0].feedback,feedback,"A cracked step can fail under any load, ""careful"" use included. Faulty equipment must be taken out of service, not worked around.","टूटा हुआ कदम किसी भी भार में विफल हो सकता है, ""सावधानी"" से उपयोग करने पर भी। दोषपूर्ण उपकरण को हल किया जाना चाहिए, उसके साथ काम नहीं चलाया जाना चाहिए।",,
warehouse-loading,warehouse-loading.steps[2].choices[1].text,option,Tag it as damaged and get a proper ladder,इसे क्षतिग्रस्त के रूप में टैग करें और उचित सीढ़ी लें,,
warehouse-loading,warehouse-loading.steps[2].choices[1].feedback,feedback,"Correct. Damaged equipment should be tagged and removed from use immediately, not risked ""just this once.""","सही। क्षतिग्रस्त उपकरण को तुरंत टैग करके उपयोग से हटा देना चाहिए, ""बस इस बार"" जोखिम नहीं लेना चाहिए।",,
warehouse-loading,warehouse-loading.steps[3].prompt,prompt,You need to cross the yard. A loaded forklift is heading for the same gap and the driver is looking over his shoulder at his load.,आपको यार्ड पार करना है। एक भरा फोर्कलिफ्ट उसी रास्ते आ रहा है और ड्राइवर कंधे के ऊपर से अपने लोड को देख रहा है।,,
warehouse-loading,warehouse-loading.steps[3].choices[0].text,option,Walk through quickly before he gets there,उसके पहुंचने से पहले जल्दी से निकल जाएं,,
warehouse-loading,warehouse-loading.steps[3].choices[0].feedback,feedback,"A loaded forklift has a blind side, poor forward visibility past the load, and cannot stop or swerve like a car. Winning the gap depends on him seeing you, which is the one thing you have just established he is not doing.","भरे फोर्कलिफ्ट का एक अंधा हिस्सा होता है, लोड के आगे दिखाई कम देता है, और वह कार की तरह रुक या मुड़ नहीं सकता। रास्ता जीतना इस पर टिका है कि वह आपको देखे, और आपने अभी तय किया है कि वह देख नहीं रहा।",,
warehouse-loading,warehouse-loading.steps[3].choices[1].text,option,"Stop, stay in the walkway, and wait until you have eye contact and he has acknowledged you","रुकें, वॉकवे में रहें, और तब तक इंतज़ार करें जब तक आँख न मिले और वह आपको स्वीकार न करे",,
warehouse-loading,warehouse-loading.steps[3].choices[1].feedback,feedback,"Correct. Pedestrian-vehicle separation plus positive acknowledgement is what prevents struck-by incidents. If he has not seen you, you do not have right of way whatever the markings say.","सही। पैदल-वाहन अलगाव और स्पष्ट स्वीकृति ही टकराव रोकते हैं। यदि उसने आपको नहीं देखा, तो चिह्न जो भी कहें, रास्ता आपका नहीं है।",,
warehouse-loading,warehouse-loading.steps[3].choices[2].text,option,Wave your arms so he notices you and keep walking,हाथ हिलाएं ताकि वह देख ले और चलते रहें,,
warehouse-loading,warehouse-loading.steps[3].choices[2].feedback,feedback,You are relying on him looking up at the exact moment you enter his path. Signalling is not a substitute for staying out of the vehicle route until it is clear.,आप इस पर भरोसा कर रहे हैं कि जिस पल आप उसके रास्ते में आएंगे उसी पल वह ऊपर देखेगा। इशारा करना वाहन मार्ग से दूर रहने का विकल्प नहीं है।,,
warehouse-loading,warehouse-loading.steps[4].prompt,prompt,"A driver leaves his forklift on the loading ramp, engine running, to go and sign a docket.",एक ड्राइवर डॉकेट पर हस्ताक्षर करने जाने के लिए अपना फोर्कलिफ्ट लोडिंग रैंप पर इंजन चालू छोड़ देता है।,,
warehouse-loading,warehouse-loading.steps[4].choices[0].text,option,Say nothing — he is only away for a moment,कुछ न कहें — वह बस एक पल के लिए गया है,,
warehouse-loading,warehouse-loading.steps[4].choices[0].feedback,feedback,"An unattended machine on a slope with the engine running can roll. ""Only a moment"" is how a runaway happens, and it is also the moment someone else decides to move it because it is in the way.","ढलान पर इंजन चालू छोड़ी मशीन लुढ़क सकती है। ""बस एक पल"" ऐसे ही भागती मशीन बनती है, और यही वह पल है जब कोई और इसे हटाने का फैसला करता है क्योंकि यह रास्ते में है।",,
warehouse-loading,warehouse-loading.steps[4].choices[1].text,option,"Ask him to lower the forks, apply the brake, neutral, engine off, and take the key","उससे कहें कि फोर्क नीचे करे, ब्रेक लगाए, न्यूट्रल करे, इंजन बंद करे और चाबी ले जाए",,
warehouse-loading,warehouse-loading.steps[4].choices[1].feedback,feedback,"Correct. Forks down, brake on, neutral, off, key out — that is what ""unattended"" means. On a ramp it is not a formality.","सही। फोर्क नीचे, ब्रेक लगा, न्यूट्रल, बंद, चाबी बाहर — ""बिना निगरानी"" का यही मतलब है। रैंप पर यह औपचारिकता नहीं है।",,
warehouse-loading,warehouse-loading.steps[5].prompt,prompt,A pallet on the third tier is leaning out over the walkway below.,तीसरे स्तर पर रखा एक पैलेट नीचे वॉकवे की ओर झुका हुआ है।,,
warehouse-loading,warehouse-loading.steps[5].choices[0].text,option,Push it back into place from the ladder,सीढ़ी से उसे धक्का देकर जगह पर करें,,
warehouse-loading,warehouse-loading.steps[5].choices[0].feedback,feedback,"Correcting a leaning load by hand from a ladder puts you underneath it while destabilising it. If it goes, it goes onto you, and a ladder gives you nowhere to move.","झुके लोड को सीढ़ी से हाथ से ठीक करना आपको उसके नीचे रखता है और उसे और अस्थिर करता है। यदि वह गिरा, तो आप पर गिरेगा, और सीढ़ी पर हटने की जगह नहीं होती।",,
warehouse-loading,warehouse-loading.steps[5].choices[1].text,option,Barrier off the walkway underneath and get it brought down mechanically,नीचे का वॉकवे बैरियर से बंद करें और उसे मशीन से नीचे उतरवाएं,,
warehouse-loading,warehouse-loading.steps[5].choices[1].feedback,feedback,"Correct. Clear the drop zone first, then use the machine that put it up there to bring it down. Nobody should be under a suspect load, including you.","सही। पहले गिरने का क्षेत्र खाली करें, फिर जिस मशीन ने उसे ऊपर रखा उसी से नीचे उतारें। संदिग्ध लोड के नीचे कोई नहीं होना चाहिए, आप भी नहीं।",,
warehouse-loading,warehouse-loading.steps[5].choices[2].text,option,Leave it and warn people walking past to keep to the far side,छोड़ दें और पास से गुज़रने वालों को दूर की तरफ चलने की चेतावनी दें,,
warehouse-loading,warehouse-loading.steps[5].choices[2].feedback,feedback,"A verbal warning does not survive the shift change, and the next person through will not have heard it. An unstable load overhead needs the area closed and the load removed, not a caution passed on by word of mouth.","मौखिक चेतावनी शिफ्ट बदलने तक नहीं टिकती, और अगला गुज़रने वाला उसे सुना ही नहीं होगा। ऊपर अस्थिर लोड के लिए क्षेत्र बंद करना और लोड हटाना चाहिए, मुंहजुबानी सावधानी नहीं।",,
roof-strata-control,roof-strata-control.title,title,Roof & Strata Control,छत और स्ट्रेटा नियंत्रण,,
roof-strata-control,roof-strata-control.intro,intro,"You are at the coal face in an underground district in Jharkhand. Roof and side fall is the single largest cause of death in Indian underground coal mining, and almost every fall gives warning before it happens.","आप झारखंड की एक भूमिगत कोयला खान के कोल फेस पर हैं। भारतीय भूमिगत कोयला खनन में छत और साइड गिरना मौत का सबसे बड़ा कारण है, और लगभग हर गिरावट पहले चेतावनी देती है।",,
roof-strata-control,roof-strata-control.steps[0].prompt,prompt,"You reach the face. The last row of supports is about 1.8 m back, and the support rule for this seam allows a maximum of 1.2 m.","आप फेस पर पहुंचते हैं। सपोर्ट की अंतिम पंक्ति लगभग 1.8 मीटर पीछे है, और इस सीम का सपोर्ट नियम अधिकतम 1.2 मीटर की अनुमति देता है।",,
roof-strata-control,roof-strata-control.steps[0].choices[0].text,option,Start work — it is only a little over the limit,काम शुरू करें — यह सीमा से थोड़ा ही ज़्यादा है,,
roof-strata-control,roof-strata-control.steps[0].choices[0].feedback,feedback,"The support rule is the distance at which this particular roof has been assessed as able to stand unsupported. Sixty centimetres past it is not a rounding error, and the ground you would be standing on to work is the ground that is unsupported.","सपोर्ट नियम वह दूरी है जिस पर इस विशेष छत को बिना सहारे टिकने योग्य आंका गया है। उससे साठ सेंटीमीटर आगे कोई गोलमोल अंतर नहीं है, और जिस ज़मीन पर खड़े होकर आप काम करेंगे वही बिना सहारे है।",,
roof-strata-control,roof-strata-control.steps[0].choices[1].text,option,Stay out from under the unsupported roof and set supports to the rule before any other work,बिना सहारे वाली छत के नीचे न जाएं और किसी भी काम से पहले नियम के अनुसार सपोर्ट लगाएं,,
roof-strata-control,roof-strata-control.steps[0].choices[1].feedback,feedback,"Correct. Support to rule first, then work. The rule exists because this roof was measured, not estimated.","सही। पहले नियम के अनुसार सपोर्ट, फिर काम। नियम इसलिए है कि यह छत मापी गई थी, अनुमान नहीं लगाया गया था।",,
roof-strata-control,roof-strata-control.steps[0].choices[2].text,option,Work from the outer edge where the supports are closer,बाहरी किनारे से काम करें जहां सपोर्ट नज़दीक है,,
roof-strata-control,roof-strata-control.steps[0].choices[2].feedback,feedback,"The fall zone does not stop at the last prop. Reaching in from the edge still puts your head and shoulders under unsupported roof, which is where the load comes down.","गिरने का क्षेत्र अंतिम प्रॉप पर खत्म नहीं होता। किनारे से हाथ बढ़ाना भी आपका सिर और कंधे बिना सहारे वाली छत के नीचे रखता है, और भार वहीं गिरता है।",,
roof-strata-control,roof-strata-control.steps[1].prompt,prompt,Before setting the next support you need to judge the condition of the roof above you.,अगला सपोर्ट लगाने से पहले आपको अपने ऊपर की छत की स्थिति आंकनी है।,,
roof-strata-control,roof-strata-control.steps[1].choices[0].text,option,Look up at it — cracks are visible if there are any,ऊपर देखें — दरारें हों तो दिख जाएंगी,,
roof-strata-control,roof-strata-control.steps[1].choices[0].feedback,feedback,"A dangerous roof frequently looks sound. Separation happens along bedding planes above the visible surface, so the eye alone misses exactly the condition you are checking for.","खतरनाक छत अक्सर मज़बूत दिखती है। अलगाव दिखने वाली सतह के ऊपर बेडिंग प्लेन के साथ होता है, इसलिए केवल आँख वही स्थिति चूक जाती है जिसकी आप जांच कर रहे हैं।",,
roof-strata-control,roof-strata-control.steps[1].choices[1].text,option,"Sound it with a rod from a supported position and listen for a drummy, hollow note","सहारे वाली जगह से रॉड से ठोंकें और खोखली, ढोल जैसी आवाज़ सुनें",,
roof-strata-control,roof-strata-control.steps[1].choices[1].feedback,feedback,"Correct. Sounding finds separation the eye cannot see, and doing it from under support means the test cannot become the accident.","सही। ठोंकने से वह अलगाव पकड़ में आता है जो आँख नहीं देख सकती, और सहारे के नीचे से करने का मतलब है कि जांच ही दुर्घटना नहीं बन सकती।",,
roof-strata-control,roof-strata-control.steps[1].choices[2].text,option,Tap it with your hand while standing underneath,नीचे खड़े होकर हाथ से थपथपाएं,,
roof-strata-control,roof-strata-control.steps[1].choices[2].feedback,feedback,This gets the method right and the position fatally wrong. Sounding is done from a supported position with a rod precisely so that a piece released by the tapping does not land on the person testing.,"तरीका सही है, जगह जानलेवा रूप से गलत। ठोंकना सहारे वाली जगह से रॉड से इसीलिए किया जाता है कि थपथपाने से छूटा टुकड़ा जांच करने वाले पर न गिरे।",,
roof-strata-control,roof-strata-control.steps[2].prompt,prompt,A patch about two metres across sounds hollow.,लगभग दो मीटर चौड़ा एक हिस्सा खोखला बजता है।,,
roof-strata-control,roof-strata-control.steps[2].choices[0].text,option,Bar the loose down from directly underneath it,ठीक नीचे से बार लगाकर ढीला हिस्सा गिराएं,,
roof-strata-control,roof-strata-control.steps[2].choices[0].feedback,feedback,"Barring down from beneath puts you in the fall path of the exact piece you are releasing, and a two-metre patch of coal measures weighs more than enough. Loose is barred from the side, from under supported roof, if it is barred at all.","नीचे से बार लगाना आपको उसी टुकड़े के गिरने के रास्ते में रखता है जिसे आप छोड़ रहे हैं, और दो मीटर का कोल मेजर्स हिस्सा काफ़ी भारी होता है। ढीला हिस्सा किनारे से, सहारे वाली छत के नीचे से गिराया जाता है, अगर गिराया जाए तो।",,
roof-strata-control,roof-strata-control.steps[2].choices[1].text,option,"Withdraw, fence and mark the area, and report it to the overman before anyone else goes in","हट जाएं, क्षेत्र को घेरें और चिह्नित करें, और किसी के अंदर जाने से पहले ओवरमैन को बताएं",,
roof-strata-control,roof-strata-control.steps[2].choices[1].feedback,feedback,"Correct. Fencing stops the next person walking into it unaware, and the decision about how to deal with a drummy area belongs to someone with the authority and the equipment to plan it.","सही। घेरना अगले व्यक्ति को अनजाने में अंदर जाने से रोकता है, और खोखले क्षेत्र से कैसे निपटा जाए यह निर्णय उसका है जिसके पास अधिकार और उपकरण दोनों हों।",,
roof-strata-control,roof-strata-control.steps[3].prompt,prompt,Fine dust is trickling steadily from a joint in the roof and you can hear intermittent cracking.,छत के एक जोड़ से लगातार महीन धूल गिर रही है और आपको बीच-बीच में चटकने की आवाज़ सुनाई देती है।,,
roof-strata-control,roof-strata-control.steps[3].choices[0].text,option,Note it and finish the cycle first,इसे नोट करें और पहले चक्र पूरा करें,,
roof-strata-control,roof-strata-control.steps[3].choices[0].feedback,feedback,Trickling dust and audible cracking are the roof telling you it is about to come down. This is the warning that is most often recorded in fall-of-roof reports as having been noticed and worked through.,गिरती धूल और सुनाई देती चटक छत का यह कहना है कि वह गिरने वाली है। छत गिरने की रिपोर्टों में यही चेतावनी सबसे अधिक बार दर्ज मिलती है — देखी गई और काम जारी रखा गया।,,
roof-strata-control,roof-strata-control.steps[3].choices[1].text,option,"Withdraw everyone from the area immediately, then report it","सबको तुरंत क्षेत्र से हटाएं, फिर रिपोर्ट करें",,
roof-strata-control,roof-strata-control.steps[3].choices[1].feedback,feedback,"Correct. Those two signs together mean movement is happening now. Withdrawal first, explanation afterwards — and nobody re-enters until it has been examined.","सही। ये दोनों संकेत मिलकर बताते हैं कि हलचल अभी हो रही है। पहले निकासी, समझाना बाद में — और जांच होने तक कोई वापस नहीं जाता।",,
roof-strata-control,roof-strata-control.steps[3].choices[2].text,option,Set an extra prop under the joint and carry on,जोड़ के नीचे एक अतिरिक्त प्रॉप लगाएं और काम जारी रखें,,
roof-strata-control,roof-strata-control.steps[3].choices[2].feedback,feedback,Setting a prop under a roof that is actively moving means standing under it to do so. The instinct to support it is right; the time to act on it was before it started to move.,सक्रिय रूप से हिल रही छत के नीचे प्रॉप लगाने का मतलब है उसके नीचे खड़ा होना। सहारा देने की सोच सही है; उस पर काम करने का समय हिलने से पहले था।,,
roof-strata-control,roof-strata-control.steps[4].prompt,prompt,A support in the middle of the roadway is in the way of a machine that needs to pass.,रोडवे के बीच एक सपोर्ट उस मशीन के रास्ते में है जिसे गुज़रना है।,,
roof-strata-control,roof-strata-control.steps[4].choices[0].text,option,"Pull it out, move the machine through, and set it again afterwards","उसे निकालें, मशीन गुज़ारें, और बाद में दोबारा लगा दें",,
roof-strata-control,roof-strata-control.steps[4].choices[0].feedback,feedback,"Withdrawing a support transfers its load to the roof and the neighbouring supports with no plan and no assessment. Supports are withdrawn under a scheme, in sequence, from a position of safety — not to clear a path for a shift.","सपोर्ट हटाने से उसका भार छत और पड़ोसी सपोर्ट पर चला जाता है, बिना किसी योजना या आंकलन के। सपोर्ट एक स्कीम के तहत, क्रम में, सुरक्षित जगह से हटाए जाते हैं — किसी शिफ्ट का रास्ता साफ करने के लिए नहीं।",,
roof-strata-control,roof-strata-control.steps[4].choices[1].text,option,Stop and get an alternative route or a supervised support-withdrawal scheme,रुकें और वैकल्पिक रास्ता या निगरानी में सपोर्ट-निकासी स्कीम लें,,
roof-strata-control,roof-strata-control.steps[4].choices[1].feedback,feedback,"Correct. Any change to the support pattern is a planned operation. If the machine genuinely cannot pass, that is a planning problem, not a reason to open the roof.","सही। सपोर्ट पैटर्न में कोई भी बदलाव एक नियोजित कार्य है। यदि मशीन वाकई नहीं गुज़र सकती, तो यह योजना की समस्या है, छत खोलने का कारण नहीं।",,
roof-strata-control,roof-strata-control.steps[5].prompt,prompt,A telltale near the junction has moved into its amber band since the last shift.,जंक्शन के पास लगा एक टेलटेल पिछली शिफ्ट से अपने एम्बर बैंड में चला गया है।,,
roof-strata-control,roof-strata-control.steps[5].choices[0].text,option,Amber is not red — carry on and check it again tomorrow,एम्बर लाल नहीं है — काम जारी रखें और कल दोबारा देखें,,
roof-strata-control,roof-strata-control.steps[5].choices[0].feedback,feedback,"A telltale measures convergence, so movement into amber means the roof is closing and has done so measurably within one shift. Waiting for red is waiting for the roof to travel further while people work underneath it.","टेलटेल कन्वर्जेंस मापता है, इसलिए एम्बर में जाने का मतलब है छत बंद हो रही है और एक ही शिफ्ट में मापने योग्य रूप से हुई है। लाल का इंतज़ार करना यानी लोगों के नीचे काम करते हुए छत को और खिसकने देना।",,
roof-strata-control,roof-strata-control.steps[5].choices[1].text,option,Report the reading now so the rate of movement can be assessed and support reviewed,रीडिंग अभी रिपोर्ट करें ताकि हलचल की दर आंकी जाए और सपोर्ट की समीक्षा हो,,
roof-strata-control,roof-strata-control.steps[5].choices[1].feedback,feedback,"Correct. What matters is not the colour but the rate. A reading that moved in a single shift is the information the strata engineer needs today, not tomorrow.","सही। रंग नहीं, दर मायने रखती है। जो रीडिंग एक शिफ्ट में बदली, वही जानकारी स्ट्रेटा इंजीनियर को आज चाहिए, कल नहीं।",,
roof-strata-control,roof-strata-control.steps[5].choices[2].text,option,Reset the telltale so the next shift starts from a clean reading,टेलटेल रीसेट कर दें ताकि अगली शिफ्ट साफ रीडिंग से शुरू हो,,
roof-strata-control,roof-strata-control.steps[5].choices[2].feedback,feedback,"This destroys the only record of how far and how fast the roof has moved. Convergence data is meaningless without its history, and resetting it hides the trend from the person whose job is to read it.","यह छत कितनी और कितनी तेज़ी से खिसकी उसका एकमात्र रिकॉर्ड मिटा देता है। कन्वर्जेंस डेटा अपने इतिहास के बिना अर्थहीन है, और रीसेट करना उस व्यक्ति से रुझान छिपा देता है जिसका काम उसे पढ़ना है।",,
working-at-height,working-at-height.title,title,Working at Height & Fall Prevention,ऊंचाई पर काम और गिरने से रोकथाम,,
working-at-height,working-at-height.intro,intro,"You are working on a structural platform six metres above the plant floor, replacing a section of handrail. A fall from this height is life-changing at best.",आप प्लांट फ्लोर से छह मीटर ऊपर एक स्ट्रक्चरल प्लेटफॉर्म पर हैंडरेल का एक हिस्सा बदल रहे हैं। इस ऊंचाई से गिरना सबसे अच्छी स्थिति में भी जीवन बदल देता है।,,
working-at-height,working-at-height.steps[0].prompt,prompt,You are wearing a full-body harness. The nearest thing to clip your lanyard to is the scaffold guardrail beside you.,आपने फुल-बॉडी हार्नेस पहना है। लैनयार्ड बांधने के लिए सबसे नज़दीक चीज़ आपके पास का स्कैफोल्ड गार्डरेल है।,,
working-at-height,working-at-height.steps[0].choices[0].text,option,Clip to the guardrail — it is solid and it is right there,गार्डरेल से बांध दें — यह मज़बूत है और यहीं है,,
working-at-height,working-at-height.steps[0].choices[0].feedback,feedback,"A guardrail is designed to stop a person leaning against it, not to arrest a falling body. Fall-arrest forces run into several kilonewtons and a guardrail will detach, taking you with it.","गार्डरेल किसी व्यक्ति के टिकने के लिए बना है, गिरते शरीर को रोकने के लिए नहीं। फॉल-अरेस्ट बल कई किलोन्यूटन तक जाता है और गार्डरेल आपके साथ ही उखड़ जाएगा।",,
working-at-height,working-at-height.steps[0].choices[1].text,option,"Clip to a rated anchor point or a certified lifeline, even if it means moving","रेटेड एंकर पॉइंट या प्रमाणित लाइफलाइन से बांधें, चाहे इसके लिए जगह बदलनी पड़े",,
working-at-height,working-at-height.steps[0].choices[1].feedback,feedback,"Correct. An anchor has to be rated for arrest forces and identified as such. If the rated anchor is inconvenient, the answer is to reposition the work, not to lower the standard of the anchor.","सही। एंकर को अरेस्ट बल के लिए रेटेड और उस रूप में चिह्नित होना चाहिए। यदि रेटेड एंकर असुविधाजनक है, तो उत्तर काम की जगह बदलना है, एंकर का स्तर घटाना नहीं।",,
working-at-height,working-at-height.steps[0].choices[2].text,option,Clip to the guardrail but keep the lanyard short so you cannot build up speed,गार्डरेल से बांधें पर लैनयार्ड छोटा रखें ताकि रफ्तार न बने,,
working-at-height,working-at-height.steps[0].choices[2].feedback,feedback,Better reasoning — a short lanyard genuinely reduces fall distance — but it does not change the anchor. A shorter fall still applies more force than a guardrail is built to take.,सोच बेहतर है — छोटा लैनयार्ड गिरने की दूरी वाकई घटाता है — पर एंकर वही रहता है। छोटी गिरावट भी गार्डरेल की क्षमता से अधिक बल लगाती है।,,
working-at-height,working-at-height.steps[1].prompt,prompt,You need to remove the handrail section to get at the bolts underneath.,नीचे के बोल्ट तक पहुंचने के लिए आपको हैंडरेल का हिस्सा हटाना है।,,
working-at-height,working-at-height.steps[1].choices[0].text,option,Remove it and work carefully at the open edge,हटा दें और खुले किनारे पर सावधानी से काम करें,,
working-at-height,working-at-height.steps[1].choices[0].feedback,feedback,"Taking out the handrail creates an unprotected edge, and ""carefully"" is the control being relied on. Removing collective protection without replacing it is how planned work becomes a fall.","हैंडरेल निकालने से असुरक्षित किनारा बन जाता है, और भरोसा ""सावधानी"" पर है। सामूहिक सुरक्षा हटाकर उसकी जगह कुछ न रखना ऐसे ही नियोजित काम गिरावट बन जाता है।",,
working-at-height,working-at-height.steps[1].choices[1].text,option,"Fit a temporary barrier or work restraint before removing the rail, so you cannot reach the edge",रेल हटाने से पहले अस्थायी बैरियर या वर्क रेस्ट्रेंट लगाएं ताकि आप किनारे तक पहुंच ही न सकें,,
working-at-height,working-at-height.steps[1].choices[1].feedback,feedback,Correct. Restraint that physically prevents reaching the edge beats arrest that catches you after you have gone over it. Protection must be in place before the existing protection comes out.,सही। किनारे तक पहुंचने से शारीरिक रूप से रोकने वाला रेस्ट्रेंट उस अरेस्ट से बेहतर है जो आपको गिरने के बाद पकड़ता है। मौजूदा सुरक्षा हटने से पहले नई सुरक्षा लगनी चाहिए।,,
working-at-height,working-at-height.steps[2].prompt,prompt,A floor opening on the platform is covered by a loose plywood sheet with no fixing or marking.,"प्लेटफॉर्म पर एक फर्श का खुला हिस्सा ढीली प्लाईवुड शीट से ढका है, बिना किसी फिक्सिंग या निशान के।",,
working-at-height,working-at-height.steps[2].choices[0].text,option,Step around it and get on with the job,उसके चारों ओर से निकलें और काम करते रहें,,
working-at-height,working-at-height.steps[2].choices[0].feedback,feedback,"An unmarked, unfixed cover is worse than an open hole, because an open hole is visible. The next person will stand on it, and a loose sheet will slide.","बिना निशान, बिना कसा ढक्कन खुले छेद से भी बुरा है, क्योंकि खुला छेद दिखता है। अगला व्यक्ति उस पर पैर रखेगा, और ढीली शीट खिसक जाएगी।",,
working-at-height,working-at-height.steps[2].choices[1].text,option,"Secure and mark the cover, or barrier the opening, before continuing","आगे बढ़ने से पहले ढक्कन कसें और चिह्नित करें, या खुले हिस्से को बैरियर से घेरें",,
working-at-height,working-at-height.steps[2].choices[1].feedback,feedback,Correct. A cover must be fixed so it cannot move and marked so it reads as a cover. Otherwise it is a concealed hole.,सही। ढक्कन ऐसा कसा हो कि हिल न सके और ऐसा चिह्नित हो कि ढक्कन जैसा पढ़ा जाए। वरना यह छिपा हुआ छेद है।,,
working-at-height,working-at-height.steps[2].choices[2].text,option,Tell your supervisor about it at the end of the shift,शिफ्ट के अंत में सुपरवाइज़र को बता दें,,
working-at-height,working-at-height.steps[2].choices[2].feedback,feedback,"The reporting is right and the timing leaves the hazard live for hours with people walking over it. Make it safe now, then report it.","रिपोर्ट करना सही है और समय ऐसा है कि खतरा घंटों तक जीवित रहेगा जबकि लोग उसके ऊपर चलेंगे। पहले सुरक्षित करें, फिर रिपोर्ट करें।",,
working-at-height,working-at-height.steps[3].prompt,prompt,A fitter starts working directly below your platform while you are handling bolts and hand tools.,एक फिटर आपके प्लेटफॉर्म के ठीक नीचे काम शुरू कर देता है जबकि आप बोल्ट और हाथ के औज़ार संभाल रहे हैं।,,
working-at-height,working-at-height.steps[3].choices[0].text,option,Carry on and be careful not to drop anything,काम जारी रखें और ध्यान रखें कि कुछ न गिरे,,
working-at-height,working-at-height.steps[3].choices[0].feedback,feedback,"A dropped spanner from six metres is potentially fatal, and care is not a control that survives a slip or a gust. The person below has no idea what is above him.","छह मीटर से गिरा स्पैनर जानलेवा हो सकता है, और सावधानी वह नियंत्रण नहीं जो फिसलन या झोंके में टिके। नीचे वाले व्यक्ति को पता ही नहीं कि ऊपर क्या है।",,
working-at-height,working-at-height.steps[3].choices[1].text,option,"Stop, barrier the area below, and use tool lanyards and a closed container before resuming","रुकें, नीचे का क्षेत्र बैरियर से घेरें, और फिर टूल लैनयार्ड और बंद डिब्बे के साथ काम करें",,
working-at-height,working-at-height.steps[3].choices[1].feedback,feedback,Correct. Exclude people from the drop zone and tether the tools. Working at height creates a hazard below as well as at the edge.,"सही। लोगों को गिरने के क्षेत्र से बाहर रखें और औज़ार बांधें। ऊंचाई पर काम किनारे पर ही नहीं, नीचे भी खतरा बनाता है।",,
working-at-height,working-at-height.steps[4].prompt,prompt,"Your colleague falls and is left hanging in his harness, conscious, about two metres below the platform.","आपका साथी गिर जाता है और प्लेटफॉर्म से लगभग दो मीटर नीचे अपने हार्नेस में लटका रह जाता है, होश में।",,
working-at-height,working-at-height.steps[4].choices[0].text,option,Leave him suspended and call for the fire service to attend,उसे लटका छोड़ें और फायर सर्विस को बुलाएं,,
working-at-height,working-at-height.steps[4].choices[0].feedback,feedback,The harness saved his life and is now the danger: suspension restricts blood return and can be fatal within a short and unpredictable time. A rescue that starts with a phone call and no plan may take longer than he has.,हार्नेस ने उसकी जान बचाई और अब वही खतरा है: लटकने से खून की वापसी रुकती है और यह कम तथा अनिश्चित समय में जानलेवा हो सकता है। फोन से शुरू होने वाला बिना योजना का बचाव उससे ज़्यादा समय ले सकता है जितना उसके पास है।,,
working-at-height,working-at-height.steps[4].choices[1].text,option,"Trigger the pre-planned rescue to get him down and supported quickly, and get medical help moving in parallel","पहले से बनी बचाव योजना चलाएं ताकि उसे जल्दी नीचे और सहारे पर लाया जाए, साथ ही मेडिकल मदद बुलाएं",,
working-at-height,working-at-height.steps[4].choices[1].feedback,feedback,Correct. Suspension trauma is why a rescue plan is a condition of working at height rather than paperwork. The plan exists so recovery starts in minutes.,"सही। सस्पेंशन ट्रॉमा ही कारण है कि ऊंचाई पर काम की शर्त बचाव योजना है, कागज़ी काम नहीं। योजना इसलिए है कि रिकवरी मिनटों में शुरू हो।",,
working-at-height,working-at-height.steps[4].choices[2].text,option,Climb down to him and take his weight until help arrives,नीचे उतरकर उसका भार संभालें जब तक मदद आए,,
working-at-height,working-at-height.steps[4].choices[2].feedback,feedback,This puts a second unsecured person at the edge and does not get him out of suspension. The plan is not improvised support; it is planned retrieval.,"यह किनारे पर दूसरा असुरक्षित व्यक्ति ला देता है और उसे लटकने से बाहर भी नहीं निकालता। योजना तात्कालिक सहारा नहीं, नियोजित निकासी है।",,
working-at-height,working-at-height.steps[5].prompt,prompt,Wind picks up sharply and you are about to lift a large sheet of cladding into position.,हवा तेज़ हो जाती है और आप क्लैडिंग की एक बड़ी शीट जगह पर उठाने वाले हैं।,,
working-at-height,working-at-height.steps[5].choices[0].text,option,Lift it now before the wind gets worse,हवा और तेज़ होने से पहले अभी उठा लें,,
working-at-height,working-at-height.steps[5].choices[0].feedback,feedback,"A large flat sheet in gusting wind behaves like a sail, and the force arrives without warning while both your hands are committed. Racing the weather at height is how people are pulled off a platform.","तेज़ हवा में बड़ी सपाट शीट पाल की तरह व्यवहार करती है, और बल बिना चेतावनी उस समय आता है जब आपके दोनों हाथ लगे हुए हैं। ऊंचाई पर मौसम से दौड़ लगाना ऐसे ही लोग प्लेटफॉर्म से खिंच जाते हैं।",,
working-at-height,working-at-height.steps[5].choices[1].text,option,"Stop the lift, secure the sheet and re-plan when the wind drops or with mechanical handling","लिफ्ट रोकें, शीट को बांधें और हवा थमने पर या मशीनी सहायता से दोबारा योजना बनाएं",,
working-at-height,working-at-height.steps[5].choices[1].feedback,feedback,Correct. Wind limits are a stop-work condition for large surfaces at height. Securing what is already up there is part of stopping properly.,सही। ऊंचाई पर बड़ी सतहों के लिए हवा की सीमा काम रोकने की स्थिति है। जो ऊपर पहले से है उसे बांधना ठीक से रुकने का हिस्सा है।,,
mine-haulage,mine-haulage.title,title,Mine Haulage & Conveyor Safety,खान हॉलेज और कन्वेयर सुरक्षा,,
mine-haulage,mine-haulage.intro,intro,"You are working along a haulage roadway and belt conveyor underground. Haulage and transport is the second largest cause of death in Indian mines, and most of it happens to people on foot.","आप भूमिगत एक हॉलेज रोडवे और बेल्ट कन्वेयर के साथ काम कर रहे हैं। भारतीय खानों में हॉलेज और परिवहन मौत का दूसरा सबसे बड़ा कारण है, और इसका ज़्यादातर हिस्सा पैदल चलने वालों के साथ होता है।",,
mine-haulage,mine-haulage.steps[0].prompt,prompt,You are at the far end of the district and the belt is running in the direction you need to go.,आप डिस्ट्रिक्ट के दूर छोर पर हैं और बेल्ट उसी दिशा में चल रही है जिधर आपको जाना है।,,
mine-haulage,mine-haulage.steps[0].choices[0].text,option,Ride the belt — it is quicker and people do it all the time,बेल्ट पर सवारी करें — यह तेज़ है और लोग हमेशा करते हैं,,
mine-haulage,mine-haulage.steps[0].choices[0].feedback,feedback,"A belt has no seat, no stop within reach and a transfer point at the end. Riding a conveyor not designed and licensed for man-riding is a recognised killer, and being common practice has never made it survivable.","बेल्ट पर कोई सीट नहीं, हाथ की पहुंच में कोई स्टॉप नहीं, और अंत में एक ट्रांसफर पॉइंट है। जो कन्वेयर मैन-राइडिंग के लिए बना और लाइसेंस्ड नहीं है उस पर सवारी करना एक जाना-पहचाना हत्यारा है, और आम चलन होने से यह कभी बचने योग्य नहीं हुआ।",,
mine-haulage,mine-haulage.steps[0].choices[1].text,option,"Walk the designated travelling road, or use man-riding transport where it is licensed for it","निर्धारित यात्रा मार्ग से चलें, या जहां मैन-राइडिंग के लिए लाइसेंस्ड परिवहन हो उसका उपयोग करें",,
mine-haulage,mine-haulage.steps[0].choices[1].feedback,feedback,"Correct. Man-riding is only ever on equipment specifically approved for it, with the right speed, guarding and boarding points.","सही। मैन-राइडिंग केवल उसी उपकरण पर होती है जो विशेष रूप से इसके लिए स्वीकृत हो, सही गति, गार्डिंग और चढ़ने के स्थानों के साथ।",,
mine-haulage,mine-haulage.steps[1].prompt,prompt,You need to get to the other side of the running belt. The marked crossing is about eighty metres back.,आपको चलती बेल्ट के दूसरी तरफ जाना है। चिह्नित क्रॉसिंग लगभग अस्सी मीटर पीछे है।,,
mine-haulage,mine-haulage.steps[1].choices[0].text,option,Step over the belt here — it is a single stride,यहीं बेल्ट के ऊपर से पार कर जाएं — बस एक कदम है,,
mine-haulage,mine-haulage.steps[1].choices[0].feedback,feedback,A stride over a moving belt puts a foot beside a nip point with nothing to hold. Trip on the frame and your leg goes into the moving belt. Eighty metres is a ninety-second walk.,चलती बेल्ट पर एक कदम आपका पैर निप पॉइंट के पास रखता है और पकड़ने को कुछ नहीं होता। फ्रेम पर ठोकर लगी और आपका पैर चलती बेल्ट में। अस्सी मीटर नब्बे सेकंड की चाल है।,,
mine-haulage,mine-haulage.steps[1].choices[1].text,option,Walk back and use the designated crossing,वापस जाकर निर्धारित क्रॉसिंग का उपयोग करें,,
mine-haulage,mine-haulage.steps[1].choices[1].feedback,feedback,Correct. Crossings are placed and guarded so a stumble does not end in the belt. The only acceptable place to cross is one built for crossing.,सही। क्रॉसिंग ऐसी जगह और ऐसे गार्ड के साथ बनाई जाती है कि लड़खड़ाहट बेल्ट में खत्म न हो। पार करने की एकमात्र स्वीकार्य जगह वही है जो पार करने के लिए बनी हो।,,
mine-haulage,mine-haulage.steps[1].choices[2].text,option,"Crawl under the belt instead, since it is lower risk than stepping over","इसकी जगह बेल्ट के नीचे से रेंगकर निकलें, यह ऊपर से जाने से कम जोखिम है",,
mine-haulage,mine-haulage.steps[1].choices[2].feedback,feedback,"Underneath puts you within reach of the return belt and rollers with even less room to move, and anything falling from the top run lands on you. Neither over nor under is a crossing.","नीचे आप रिटर्न बेल्ट और रोलर की पहुंच में आ जाते हैं और हिलने की जगह भी कम होती है, साथ ही ऊपर के रन से गिरने वाली हर चीज़ आप पर आती है। न ऊपर से, न नीचे से — कोई भी क्रॉसिंग नहीं है।",,
mine-haulage,mine-haulage.steps[2].prompt,prompt,Coal has built up and jammed at a transfer chute. The belt is still running.,ट्रांसफर च्यूट पर कोयला जमा होकर जाम हो गया है। बेल्ट अभी भी चल रही है।,,
mine-haulage,mine-haulage.steps[2].choices[0].text,option,"Free the blockage with a bar while the belt runs, so you do not lose production",उत्पादन न रुके इसलिए चलती बेल्ट पर बार से जाम खोलें,,
mine-haulage,mine-haulage.steps[2].choices[0].feedback,feedback,"Clearing a running conveyor is one of the most common fatal-entanglement scenarios there is. The moment the blockage frees, everything moves at once, including whatever you are holding and whatever is holding it.","चलते कन्वेयर को साफ करना सबसे आम जानलेवा उलझने की स्थितियों में से एक है। जिस क्षण जाम खुलता है, सब कुछ एक साथ चल पड़ता है — वह भी जो आपने पकड़ा है और वह भी जिसने आपको पकड़ा है।",,
mine-haulage,mine-haulage.steps[2].choices[1].text,option,"Stop and isolate the belt, lock it off, then clear the chute","बेल्ट रोकें और आइसोलेट करें, लॉक ऑफ करें, फिर च्यूट साफ करें",,
mine-haulage,mine-haulage.steps[2].choices[1].feedback,feedback,"Correct. Stopped is not enough on its own — isolated and locked, so nobody at the other end restarts it while your arms are in the chute.","सही। केवल रुकी होना काफी नहीं — आइसोलेटेड और लॉक्ड, ताकि जब आपके हाथ च्यूट में हों तब कोई दूसरे सिरे से चालू न कर दे।",,
mine-haulage,mine-haulage.steps[3].prompt,prompt,You are walking the haulage road and hear a set of tubs approaching from behind you.,आप हॉलेज रोड पर चल रहे हैं और पीछे से टब का एक सेट आते सुनाई देता है।,,
mine-haulage,mine-haulage.steps[3].choices[0].text,option,Keep walking and step aside when they get close,चलते रहें और जब नज़दीक आएं तब हट जाएं,,
mine-haulage,mine-haulage.steps[3].choices[0].feedback,feedback,"A loaded set on a gradient is heavy, quiet at the wrong moment and unable to stop for you. Judging ""close"" from behind, in poor light, with your back to it, is a decision made on almost no information.","ढलान पर लदा सेट भारी होता है, गलत समय पर शांत होता है और आपके लिए रुक नहीं सकता। पीछे से, कम रोशनी में, पीठ करके ""नज़दीक"" आंकना लगभग बिना जानकारी लिया गया निर्णय है।",,
mine-haulage,mine-haulage.steps[3].choices[1].text,option,Get into a manhole or refuge and let the set pass completely before continuing,मैनहोल या रिफ्यूज में जाएं और पूरा सेट गुज़र जाने तक रुकें,,
mine-haulage,mine-haulage.steps[3].choices[1].feedback,feedback,"Correct. Refuges exist along haulage roads for exactly this, and you wait for the whole set to pass, not just the first tub.","सही। हॉलेज रोड पर रिफ्यूज ठीक इसी के लिए होते हैं, और आप पूरे सेट का इंतज़ार करते हैं, केवल पहले टब का नहीं।",,
mine-haulage,mine-haulage.steps[3].choices[2].text,option,Press against the roadway side and let them go by,रोडवे की दीवार से चिपक जाएं और उन्हें गुज़र जाने दें,,
mine-haulage,mine-haulage.steps[3].choices[2].feedback,feedback,"Side clearance in a haulage road is often less than it looks, and a swinging or derailed tub uses all of it. A refuge is a place you are outside the profile of the load; the roadway side is not.","हॉलेज रोड में साइड की जगह अक्सर दिखने से कम होती है, और झूलता या पटरी से उतरा टब वह पूरी जगह ले लेता है। रिफ्यूज वह जगह है जहां आप लोड के दायरे से बाहर होते हैं; रोडवे की दीवार नहीं।",,
mine-haulage,mine-haulage.steps[4].prompt,prompt,"A guard is missing from a belt drive drum, exposing the in-running nip.","बेल्ट ड्राइव ड्रम से एक गार्ड गायब है, जिससे इन-रनिंग निप खुला है।",,
mine-haulage,mine-haulage.steps[4].choices[0].text,option,Keep clear of it and mention it to the next shift,उससे दूर रहें और अगली शिफ्ट को बता दें,,
mine-haulage,mine-haulage.steps[4].choices[0].feedback,feedback,"A nip point takes a glove, a sleeve or a hand faster than anyone can react, and the next person along may not know it is unguarded. Awareness is not a guard.","निप पॉइंट दस्ताना, आस्तीन या हाथ किसी की प्रतिक्रिया से तेज़ खींच लेता है, और आगे आने वाले को पता ही नहीं होगा कि यह बिना गार्ड है। जागरूकता गार्ड नहीं है।",,
mine-haulage,mine-haulage.steps[4].choices[1].text,option,"Stop the belt, report it, and keep it out of service until the guard is refitted","बेल्ट रोकें, रिपोर्ट करें, और गार्ड दोबारा लगने तक सेवा से बाहर रखें",,
mine-haulage,mine-haulage.steps[4].choices[1].feedback,feedback,"Correct. A missing nip guard is a stop-work condition on the conveyor, not a hazard to be walked around for a shift.","सही। गायब निप गार्ड कन्वेयर पर काम रोकने की स्थिति है, शिफ्ट भर बचकर निकलने वाला खतरा नहीं।",,
mine-haulage,mine-haulage.steps[5].prompt,prompt,You are about to restart the belt after clearing the chute. You cannot see along its full length.,च्यूट साफ करने के बाद आप बेल्ट दोबारा चालू करने वाले हैं। आप उसकी पूरी लंबाई नहीं देख सकते।,,
mine-haulage,mine-haulage.steps[5].choices[0].text,option,Start it — you were the only one working on it,चालू कर दें — इस पर काम करने वाले आप ही थे,,
mine-haulage,mine-haulage.steps[5].choices[0].feedback,feedback,"You know where you were, not where everyone else is. People join and leave a belt line constantly, and a conveyor starts along its whole length at once.","आप जानते हैं आप कहां थे, यह नहीं कि बाकी सब कहां हैं। लोग बेल्ट लाइन पर लगातार आते-जाते हैं, और कन्वेयर अपनी पूरी लंबाई में एक साथ चालू होता है।",,
mine-haulage,mine-haulage.steps[5].choices[1].text,option,"Sound the pre-start warning, confirm the line is clear, then remove locks and start","प्री-स्टार्ट चेतावनी बजाएं, लाइन साफ होने की पुष्टि करें, फिर लॉक हटाकर चालू करें",,
mine-haulage,mine-haulage.steps[5].choices[1].feedback,feedback,Correct. The warning signal and the clear confirmation exist because the machine is longer than your line of sight.,सही। चेतावनी संकेत और साफ होने की पुष्टि इसीलिए हैं कि मशीन आपकी दृष्टि सीमा से लंबी है।,,
mine-haulage,mine-haulage.steps[5].choices[2].text,option,Shout along the belt and start if nobody answers,बेल्ट के साथ आवाज़ लगाएं और कोई जवाब न दे तो चालू कर दें,,
mine-haulage,mine-haulage.steps[5].choices[2].feedback,feedback,"A shout does not carry over belt and ventilation noise, and silence is not confirmation. The pre-start alarm is audible along the run precisely because a voice is not.","बेल्ट और वेंटिलेशन के शोर में आवाज़ नहीं पहुंचती, और चुप्पी पुष्टि नहीं है। प्री-स्टार्ट अलार्म पूरी लंबाई में सुनाई देने वाला इसीलिए है कि आवाज़ नहीं पहुंचती।",,
